<?xml version="1.0" encoding="UTF-8"?>
            <gforms module_version="1.3.6">
        
                                                                     
                        <gform id="3">
                                                                                                                                                                <active>1</active>
                                                                                                                                                                                                            <sendtosender>0</sendtosender>
                                                                                                                                                                                                            <usingajax>1</usingajax>
                                                                                                                                                                                                            <saveemail>1</saveemail>
                                                                                                                                                                                                            <requiredlogin>0</requiredlogin>
                                                                                                                                                                                                            <formtemplate><![CDATA[<div class="formbuilder_group"><div class="formbuilder_column col-md-12 col-sm-12 col-xs-12"><div class="itemfield_wp"><div id="gformbuilderpro_7" class="itemfield"><div class="field_content"><span class="field_icon"><img src="../modules/gformbuilderpro/views/img/html.png" alt="" /></span><span class="field_desc_wp"><span class="feildlabel"><span class="label_lang label_lang_1">Html Block</span><span class="label_lang label_lang_2">Html Block</span></span> <span class="feildname">{html_1334}</span></span></div><span class="shortcode">[gformbuilderpro:7]</span></div></div></div></div><div class="formbuilder_group"><div class="formbuilder_column col-md-6 col-sm-12 col-xs-12"><div class="itemfield_wp"><div id="gformbuilderpro_8" class="itemfield"><div class="field_content"><span class="field_icon"><img src="../modules/gformbuilderpro/views/img/input.png" alt="" /></span><span class="field_desc_wp"><span class="feildlabel"><span class="label_lang label_lang_1">Customer Name</span><span class="label_lang label_lang_2">Text</span></span> <span class="feildname">{input_9533}</span><span class="field_desc">Input field</span></span></div><span class="shortcode">[gformbuilderpro:8]</span></div><div id="gformbuilderpro_9" class="itemfield"><div class="field_content"><span class="field_icon"><img src="../modules/gformbuilderpro/views/img/input.png" alt="" /></span><span class="field_desc_wp"><span class="feildlabel"><span class="label_lang label_lang_1">E-Mail Adress</span><span class="label_lang label_lang_2">Text</span></span> <span class="feildname">{input_32021}</span><span class="field_desc">Input field</span></span></div><span class="shortcode">[gformbuilderpro:9]</span></div><div id="gformbuilderpro_10" class="itemfield"><div class="field_content"><span class="field_icon"><img src="../modules/gformbuilderpro/views/img/input.png" alt="" /></span><span class="field_desc_wp"><span class="feildlabel"><span class="label_lang label_lang_1">Organization</span><span class="label_lang label_lang_2">Text</span></span> <span class="feildname">{input_14219}</span><span class="field_desc">Input field</span></span></div><span class="shortcode">[gformbuilderpro:10]</span></div></div></div><div class="formbuilder_column col-md-6 col-sm-12 col-xs-12"><div class="itemfield_wp"><div id="gformbuilderpro_11" class="itemfield"><div class="field_content"><span class="field_icon"><img src="../modules/gformbuilderpro/views/img/select.png" alt="" /></span><span class="field_desc_wp"><span class="feildlabel"><span class="label_lang label_lang_1">What products are you interested in ?</span><span class="label_lang label_lang_2">Select</span></span> <span class="feildname">{select_39094}</span></span></div><span class="shortcode">[gformbuilderpro:11]</span></div><div id="gformbuilderpro_12" class="itemfield"><div class="field_content"><span class="field_icon"><img src="../modules/gformbuilderpro/views/img/survey.png" alt="" /></span><span class="field_desc_wp"><span class="feildlabel"><span class="label_lang label_lang_1">How would you rate our company ?</span><span class="label_lang label_lang_2">Survey</span></span> <span class="feildname">{survey_58978}</span></span></div><span class="shortcode">[gformbuilderpro:12]</span></div></div></div></div><div class="formbuilder_group"><div class="formbuilder_column col-md-12 col-sm-12 col-xs-12"><div class="itemfield_wp"><div id="gformbuilderpro_14" class="itemfield"><div class="field_content"><span class="field_icon"><img src="../modules/gformbuilderpro/views/img/textarea.png" alt="" /></span><span class="field_desc_wp"><span class="feildlabel"><span class="label_lang label_lang_1">Do you have other comments for us ?</span><span class="label_lang label_lang_2">Textarea</span></span> <span class="feildname">{textarea_19082}</span></span></div><span class="shortcode">[gformbuilderpro:14]</span></div></div></div></div>]]></formtemplate>                                                                                                                                                                                                            <fields>7,8,9,10,11,12,14</fields>
                                                                                                                                                                                                            <hooks></hooks>                                                                                                                                                                                                            <sendto>greenwebtester@gmail.com</sendto>
                                                                                                                                                                                                            <sender></sender>
                                                                                                                                                                                                            <autoredirect>0</autoredirect>
                                                                                                                                                                                                            <timedelay>0</timedelay>
                                                                                                                                                                                                            <redirect_link></redirect_link>                                                                                                                                                                                                            <ispopup>0</ispopup>
                                                                                                                                                                                                            <using_condition>0</using_condition>
                                                                                                                                                                                                            <autostar>0</autostar>
                                                                                                                                                                                                            <condition_configs></condition_configs>                                                                                                                                                                                                            <admin_attachfiles></admin_attachfiles>
                                                                                                                                                                                                            <sender_attachfiles></sender_attachfiles>
                                                                                                                                                                                                            <sender_name></sender_name>
                                                                                                                                                                                                            <mailchimp>0</mailchimp>
                                                                                                                                                                                                            <klaviyo>0</klaviyo>
                                                                                                                                                                                                            <zapier>0</zapier>
                                                                                                                                                                                                                                                                                                        <title  lang="en"><![CDATA[Customer feedback form]]></title>
                                                                                                                                                                                                                                                            <title  lang="it"><![CDATA[Customer feedback form]]></title>
                                                                                                                                                                                                                                                                                                                                                                                            <rewrite  lang="en"><![CDATA[customerfeedbackform]]></rewrite>
                                                                                                                                                                                                                                                            <rewrite  lang="it"><![CDATA[customerfeedbackform]]></rewrite>
                                                                                                                                                                                                                                                                                                                                                                                            <metakeywords  lang="en"></metakeywords>
                                                                                                                                                                                                                                                            <metakeywords  lang="it"></metakeywords>
                                                                                                                                                                                                                                                                                                                                                                                            <metadescription  lang="en"></metadescription>
                                                                                                                                                                                                                                                            <metadescription  lang="it"></metadescription>
                                                                                                                                                                                                                                                                                                                                                                                            <subject  lang="en"></subject>
                                                                                                                                                                                                                                                            <subject  lang="it"></subject>
                                                                                                                                                                                                                                                                                                                                                                                            <subjectsender  lang="en"></subjectsender>
                                                                                                                                                                                                                                                            <subjectsender  lang="it"></subjectsender>
                                                                                                                                                                                                                                                                                                                                                                                            <emailtemplate lang="en"><![CDATA[<table style="width:100%;">
<tbody>
<tr>
<td colspan="2" align="center" class="logo" style="border-bottom:4px solid #333333;padding:7px 0;"><a title="{shop_name}" href="%7Bshop_url%7D" style="color:#337ff1;"><img src="%7Bshop_logo%7D" alt="{shop_name}" /></a></td>
</tr>
<tr>
<td colspan="2" class="space_footer" style="padding:0;"></td>
</tr>
<tr>
<td colspan="2" class="space_footer" style="padding:0;"></td>
</tr>
<tr>
<td colspan="2" style="border-top:4px solid #333333;text-align:center;"><a href="%7Bshop_url%7D" title="{shop_name}">{shop_name}</a></td>
</tr>
</tbody>
</table>]]></emailtemplate>                                                                                                                                                                                                                                                            <emailtemplate lang="it"><![CDATA[<table style="width:100%;">
<tbody>
<tr>
<td colspan="2" align="center" class="logo" style="border-bottom:4px solid #333333;padding:7px 0;"><a title="{shop_name}" href="%7Bshop_url%7D" style="color:#337ff1;"><img src="%7Bshop_logo%7D" alt="{shop_name}" /></a></td>
</tr>
<tr>
<td colspan="2" class="space_footer" style="padding:0;"></td>
</tr>
<tr>
<td colspan="2" class="space_footer" style="padding:0;"></td>
</tr>
<tr>
<td colspan="2" style="border-top:4px solid #333333;text-align:center;"><a href="%7Bshop_url%7D" title="{shop_name}">{shop_name}</a></td>
</tr>
</tbody>
</table>]]></emailtemplate>                                                                                                                                                                                                                                                                                                                                                                                            <emailtemplatesender lang="en"></emailtemplatesender>                                                                                                                                                                                                                                                            <emailtemplatesender lang="it"></emailtemplatesender>                                                                                                                                                                                                                                                                                                                                                                                            <success_message lang="en"></success_message>                                                                                                                                                                                                                                                            <success_message lang="it"></success_message>                                                                                                                                                                                                                                                                                                                                                                                            <error_message lang="en"></error_message>                                                                                                                                                                                                                                                            <error_message lang="it"></error_message>                                                                                                                                                                                                                                                                                                                                                                                            <popup_label  lang="en"><![CDATA[Open form]]></popup_label>
                                                                                                                                                                                                                                                            <popup_label  lang="it"><![CDATA[Open form]]></popup_label>
                                                                                                                                                                                                                                                                                                                                                                                            <replysubject  lang="en"></replysubject>
                                                                                                                                                                                                                                                            <replysubject  lang="it"></replysubject>
                                                                                                                                                                                                                                                                                                                                                                                            <replyemailtemplate lang="en"><![CDATA[<table style="width:100%;">
<tbody>
<tr>
<td colspan="2" align="center" class="logo" style="border-bottom:4px solid #333333;padding:7px 0;"><a title="{shop_name}" href="%7Bshop_url%7D" style="color:#337ff1;"><img src="%7Bshop_logo%7D" alt="{shop_name}" /></a></td>
</tr>
<tr>
<td colspan="2" class="space_footer" style="padding:0;"></td>
</tr>
<tr>
<td colspan="2">{reply_message}</td>
</tr>
<tr>
<td colspan="2" class="space_footer" style="padding:0;"></td>
</tr>
<tr>
<td colspan="2" style="border-top:4px solid #333333;text-align:center;"><a href="%7Bshop_url%7D" title="{shop_name}">{shop_name}</a></td>
</tr>
</tbody>
</table>]]></replyemailtemplate>                                                                                                                                                                                                                                                            <replyemailtemplate lang="it"><![CDATA[<table style="width:100%;">
<tbody>
<tr>
<td colspan="2" align="center" class="logo" style="border-bottom:4px solid #333333;padding:7px 0;"><a title="{shop_name}" href="%7Bshop_url%7D" style="color:#337ff1;"><img src="%7Bshop_logo%7D" alt="{shop_name}" /></a></td>
</tr>
<tr>
<td colspan="2" class="space_footer" style="padding:0;"></td>
</tr>
<tr>
<td colspan="2">{reply_message}</td>
</tr>
<tr>
<td colspan="2" class="space_footer" style="padding:0;"></td>
</tr>
<tr>
<td colspan="2" style="border-top:4px solid #333333;text-align:center;"><a href="%7Bshop_url%7D" title="{shop_name}">{shop_name}</a></td>
</tr>
</tbody>
</table>]]></replyemailtemplate>                                                                                                                                                                                                                                                                                                                                                                                            <redirect_link_lang lang="en"></redirect_link_lang>                                                                                                                                                                                                                                                            <redirect_link_lang lang="it"></redirect_link_lang>                                                                                                                                                                                                                                                                                                <customcss></customcss>
                                                                                                                                                                                                <datafields>
                                                                                            <field id="7">
                                                                                                                                                                <required>0</required>
                                                                                                                                                                                                            <labelpos>1</labelpos>
                                                                                                                                                                                                            <name>html_1334</name>
                                                                                                                                                                                                            <type>html</type>
                                                                                                                                                                                                            <idatt>html_1334</idatt>
                                                                                                                                                                                                            <classatt>html_1334</classatt>
                                                                                                                                                                                                            <validate></validate>
                                                                                                                                                                                                            <extra></extra>
                                                                                                                                                                                                            <multi>0</multi>
                                                                                                                                                                                                            <dynamicval></dynamicval>
                                                                                                                                                                                                                                                                                                        <label  lang="en"><![CDATA[Html Block]]></label>
                                                                                                                                                                                                                                                            <label  lang="it"><![CDATA[Html Block]]></label>
                                                                                                                                                                                                                                                                                                                                                                                            <value  lang="en"></value>
                                                                                                                                                                                                                                                            <value  lang="it"></value>
                                                                                                                                                                                                                                                                                                                                                                                            <placeholder lang="en"></placeholder>                                                                                                                                                                                                                                                            <placeholder lang="it"></placeholder>                                                                                                                                                                                                                                                                                                                                                                                            <description lang="en"><![CDATA[<h1 style="text-align:center;"><strong>Customer feedback form</strong></h1>
<p style="text-align:center;"><span>You are encouraged to use the online feedback form below to send us your comments as well as any queries about our products.</span></p>]]></description>                                                                                                                                                                                                                                                            <description lang="it"><![CDATA[<h1 style="text-align:center;"><strong>Customer feedback form</strong></h1>
<p style="text-align:center;"><span>You are encouraged to use the online feedback form below to send us your comments as well as any queries about our products.</span></p>]]></description>                                                                                                                                                                                                                                                                                                <extra_option>0</extra_option>
                                                                                                                                                                                                            <condition>0</condition>
                                                                                                                                                                                                            <condition_display>0</condition_display>
                                                                                                                                                                                                            <condition_must_match>0</condition_must_match>
                                                                                                                                                                                                            <condition_listoptions>[]</condition_listoptions>
                                                                                                                                                                            </field>
                                                                                            <field id="8">
                                                                                                                                                                <required>1</required>
                                                                                                                                                                                                            <labelpos>0</labelpos>
                                                                                                                                                                                                            <name>input_9533</name>
                                                                                                                                                                                                            <type>input</type>
                                                                                                                                                                                                            <idatt>input_9533</idatt>
                                                                                                                                                                                                            <classatt>input_9533</classatt>
                                                                                                                                                                                                            <validate>isGenericName</validate>
                                                                                                                                                                                                            <extra>0</extra>
                                                                                                                                                                                                            <multi>0</multi>
                                                                                                                                                                                                            <dynamicval></dynamicval>
                                                                                                                                                                                                                                                                                                        <label  lang="en"><![CDATA[Customer Name]]></label>
                                                                                                                                                                                                                                                            <label  lang="it"><![CDATA[Text]]></label>
                                                                                                                                                                                                                                                                                                                                                                                            <value  lang="en"></value>
                                                                                                                                                                                                                                                            <value  lang="it"></value>
                                                                                                                                                                                                                                                                                                                                                                                            <placeholder lang="en"></placeholder>                                                                                                                                                                                                                                                            <placeholder lang="it"></placeholder>                                                                                                                                                                                                                                                                                                                                                                                            <description lang="en"></description>                                                                                                                                                                                                                                                            <description lang="it"></description>                                                                                                                                                                                                                                                                                                <extra_option>0</extra_option>
                                                                                                                                                                                                            <condition>0</condition>
                                                                                                                                                                                                            <condition_display>0</condition_display>
                                                                                                                                                                                                            <condition_must_match>0</condition_must_match>
                                                                                                                                                                                                            <condition_listoptions>[]</condition_listoptions>
                                                                                                                                                                            </field>
                                                                                            <field id="9">
                                                                                                                                                                <required>1</required>
                                                                                                                                                                                                            <labelpos>0</labelpos>
                                                                                                                                                                                                            <name>input_32021</name>
                                                                                                                                                                                                            <type>input</type>
                                                                                                                                                                                                            <idatt>input_32021</idatt>
                                                                                                                                                                                                            <classatt>input_32021</classatt>
                                                                                                                                                                                                            <validate>isEmail</validate>
                                                                                                                                                                                                            <extra>0</extra>
                                                                                                                                                                                                            <multi>0</multi>
                                                                                                                                                                                                            <dynamicval></dynamicval>
                                                                                                                                                                                                                                                                                                        <label  lang="en"><![CDATA[E-Mail Adress]]></label>
                                                                                                                                                                                                                                                            <label  lang="it"><![CDATA[Text]]></label>
                                                                                                                                                                                                                                                                                                                                                                                            <value  lang="en"></value>
                                                                                                                                                                                                                                                            <value  lang="it"></value>
                                                                                                                                                                                                                                                                                                                                                                                            <placeholder lang="en"></placeholder>                                                                                                                                                                                                                                                            <placeholder lang="it"></placeholder>                                                                                                                                                                                                                                                                                                                                                                                            <description lang="en"></description>                                                                                                                                                                                                                                                            <description lang="it"></description>                                                                                                                                                                                                                                                                                                <extra_option>0</extra_option>
                                                                                                                                                                                                            <condition>0</condition>
                                                                                                                                                                                                            <condition_display>0</condition_display>
                                                                                                                                                                                                            <condition_must_match>0</condition_must_match>
                                                                                                                                                                                                            <condition_listoptions>{&quot;1&quot;:{&quot;id_field&quot;:&quot;0&quot;,&quot;condition&quot;:&quot;IS_EQUAL&quot;,&quot;conditionvalue&quot;:&quot;&quot;}}</condition_listoptions>
                                                                                                                                                                            </field>
                                                                                            <field id="10">
                                                                                                                                                                <required>0</required>
                                                                                                                                                                                                            <labelpos>0</labelpos>
                                                                                                                                                                                                            <name>input_14219</name>
                                                                                                                                                                                                            <type>input</type>
                                                                                                                                                                                                            <idatt>input_14219</idatt>
                                                                                                                                                                                                            <classatt>input_14219</classatt>
                                                                                                                                                                                                            <validate></validate>
                                                                                                                                                                                                            <extra>0</extra>
                                                                                                                                                                                                            <multi>0</multi>
                                                                                                                                                                                                            <dynamicval></dynamicval>
                                                                                                                                                                                                                                                                                                        <label  lang="en"><![CDATA[Organization]]></label>
                                                                                                                                                                                                                                                            <label  lang="it"><![CDATA[Text]]></label>
                                                                                                                                                                                                                                                                                                                                                                                            <value  lang="en"></value>
                                                                                                                                                                                                                                                            <value  lang="it"></value>
                                                                                                                                                                                                                                                                                                                                                                                            <placeholder lang="en"></placeholder>                                                                                                                                                                                                                                                            <placeholder lang="it"></placeholder>                                                                                                                                                                                                                                                                                                                                                                                            <description lang="en"></description>                                                                                                                                                                                                                                                            <description lang="it"></description>                                                                                                                                                                                                                                                                                                <extra_option>0</extra_option>
                                                                                                                                                                                                            <condition>0</condition>
                                                                                                                                                                                                            <condition_display>0</condition_display>
                                                                                                                                                                                                            <condition_must_match>0</condition_must_match>
                                                                                                                                                                                                            <condition_listoptions>{&quot;1&quot;:{&quot;id_field&quot;:&quot;0&quot;,&quot;condition&quot;:&quot;IS_EQUAL&quot;,&quot;conditionvalue&quot;:&quot;&quot;}}</condition_listoptions>
                                                                                                                                                                            </field>
                                                                                            <field id="11">
                                                                                                                                                                <required>0</required>
                                                                                                                                                                                                            <labelpos>0</labelpos>
                                                                                                                                                                                                            <name>select_39094</name>
                                                                                                                                                                                                            <type>select</type>
                                                                                                                                                                                                            <idatt>select_39094</idatt>
                                                                                                                                                                                                            <classatt>select_39094</classatt>
                                                                                                                                                                                                            <validate></validate>
                                                                                                                                                                                                            <extra></extra>
                                                                                                                                                                                                            <multi>0</multi>
                                                                                                                                                                                                            <dynamicval></dynamicval>
                                                                                                                                                                                                                                                                                                        <label  lang="en"><![CDATA[What products are you interested in ?]]></label>
                                                                                                                                                                                                                                                            <label  lang="it"><![CDATA[Select]]></label>
                                                                                                                                                                                                                                                                                                                                                                                            <value  lang="en"><![CDATA[Computer
Games
Books
Films
Photos]]></value>
                                                                                                                                                                                                                                                            <value  lang="it"></value>
                                                                                                                                                                                                                                                                                                                                                                                            <placeholder lang="en"></placeholder>                                                                                                                                                                                                                                                            <placeholder lang="it"></placeholder>                                                                                                                                                                                                                                                                                                                                                                                            <description lang="en"></description>                                                                                                                                                                                                                                                            <description lang="it"></description>                                                                                                                                                                                                                                                                                                <extra_option>0</extra_option>
                                                                                                                                                                                                            <condition>0</condition>
                                                                                                                                                                                                            <condition_display>0</condition_display>
                                                                                                                                                                                                            <condition_must_match>0</condition_must_match>
                                                                                                                                                                                                            <condition_listoptions>{&quot;1&quot;:{&quot;id_field&quot;:&quot;0&quot;,&quot;condition&quot;:&quot;IS_EQUAL&quot;,&quot;conditionvalue&quot;:&quot;&quot;}}</condition_listoptions>
                                                                                                                                                                            </field>
                                                                                            <field id="12">
                                                                                                                                                                <required>0</required>
                                                                                                                                                                                                            <labelpos>0</labelpos>
                                                                                                                                                                                                            <name>survey_58978</name>
                                                                                                                                                                                                            <type>survey</type>
                                                                                                                                                                                                            <idatt>survey_58978</idatt>
                                                                                                                                                                                                            <classatt>survey_58978</classatt>
                                                                                                                                                                                                            <validate></validate>
                                                                                                                                                                                                            <extra></extra>
                                                                                                                                                                                                            <multi>0</multi>
                                                                                                                                                                                                            <dynamicval></dynamicval>
                                                                                                                                                                                                                                                                                                        <label  lang="en"><![CDATA[How would you rate our company ?	]]></label>
                                                                                                                                                                                                                                                            <label  lang="it"><![CDATA[Survey]]></label>
                                                                                                                                                                                                                                                                                                                                                                                            <value  lang="en"><![CDATA[How would you rate our company ?
How would you rate our support ?]]></value>
                                                                                                                                                                                                                                                            <value  lang="it"><![CDATA[How would you rate our company ?
How would you rate our support ?]]></value>
                                                                                                                                                                                                                                                                                                                                                                                            <placeholder lang="en"></placeholder>                                                                                                                                                                                                                                                            <placeholder lang="it"></placeholder>                                                                                                                                                                                                                                                                                                                                                                                            <description lang="en"><![CDATA[Excellent
Good
Fair]]></description>                                                                                                                                                                                                                                                            <description lang="it"><![CDATA[Excellent
Good
Fair
Poor
Terrible]]></description>                                                                                                                                                                                                                                                                                                <extra_option>0</extra_option>
                                                                                                                                                                                                            <condition>1</condition>
                                                                                                                                                                                                            <condition_display>0</condition_display>
                                                                                                                                                                                                            <condition_must_match>0</condition_must_match>
                                                                                                                                                                                                            <condition_listoptions>{&quot;1&quot;:{&quot;id_field&quot;:&quot;11&quot;,&quot;condition&quot;:&quot;ISNOT_EQUAL&quot;,&quot;conditionvalue&quot;:&quot;&quot;}}</condition_listoptions>
                                                                                                                                                                            </field>
                                                                                            <field id="14">
                                                                                                                                                                <required>0</required>
                                                                                                                                                                                                            <labelpos>0</labelpos>
                                                                                                                                                                                                            <name>textarea_19082</name>
                                                                                                                                                                                                            <type>textarea</type>
                                                                                                                                                                                                            <idatt>textarea_19082</idatt>
                                                                                                                                                                                                            <classatt>textarea_19082</classatt>
                                                                                                                                                                                                            <validate></validate>
                                                                                                                                                                                                            <extra></extra>
                                                                                                                                                                                                            <multi>0</multi>
                                                                                                                                                                                                            <dynamicval></dynamicval>
                                                                                                                                                                                                                                                                                                        <label  lang="en"><![CDATA[Do you have other comments for us ?]]></label>
                                                                                                                                                                                                                                                            <label  lang="it"><![CDATA[Textarea]]></label>
                                                                                                                                                                                                                                                                                                                                                                                            <value  lang="en"></value>
                                                                                                                                                                                                                                                            <value  lang="it"></value>
                                                                                                                                                                                                                                                                                                                                                                                            <placeholder lang="en"></placeholder>                                                                                                                                                                                                                                                            <placeholder lang="it"></placeholder>                                                                                                                                                                                                                                                                                                                                                                                            <description lang="en"></description>                                                                                                                                                                                                                                                            <description lang="it"></description>                                                                                                                                                                                                                                                                                                <extra_option>0</extra_option>
                                                                                                                                                                                                            <condition>0</condition>
                                                                                                                                                                                                            <condition_display>0</condition_display>
                                                                                                                                                                                                            <condition_must_match>0</condition_must_match>
                                                                                                                                                                                                            <condition_listoptions>{&quot;1&quot;:{&quot;id_field&quot;:&quot;0&quot;,&quot;condition&quot;:&quot;IS_EQUAL&quot;,&quot;conditionvalue&quot;:&quot;&quot;}}</condition_listoptions>
                                                                                                                                                                            </field>
                                                                                    </datafields>                                                                                     
                        </gform>
                                                                         
            </gforms>