<?xml version="1.0" encoding="UTF-8"?>
            <gforms module_version="1.3.6">
        
                                                                     
                        <gform id="6">
                                                                                                                                                                <active>1</active>
                                                                                                                                                                                                            <sendtosender>0</sendtosender>
                                                                                                                                                                                                            <usingajax>1</usingajax>
                                                                                                                                                                                                            <saveemail>1</saveemail>
                                                                                                                                                                                                            <requiredlogin>0</requiredlogin>
                                                                                                                                                                                                            <formtemplate><![CDATA[<div class="formbuilder_group"><div class="formbuilder_column col-md-12 col-sm-12 col-xs-12"><div class="itemfield_wp"><div id="gformbuilderpro_29" class="itemfield"><div class="field_content"><span class="field_icon"><img src="../modules/gformbuilderpro/views/img/html.png" alt="" /></span><span class="field_desc_wp"><span class="feildlabel"><span class="label_lang label_lang_1">Html Block</span><span class="label_lang label_lang_2">Html Block</span></span> <span class="feildname">{html_82310}</span></span></div><span class="shortcode">[gformbuilderpro:29]</span></div><div id="gformbuilderpro_30" class="itemfield"><div class="field_content"><span class="field_icon"><img src="../modules/gformbuilderpro/views/img/product.png" alt="" /></span><span class="field_desc_wp"><span class="feildlabel"><span class="label_lang label_lang_1">Wholesale</span><span class="label_lang label_lang_2">Wholesale</span></span> <span class="feildname">{wholesale_80164}</span><span class="field_desc">Only one Wholesale widget can be added per form.</span></span></div><span class="shortcode">[gformbuilderpro:30]</span></div><div id="gformbuilderpro_31" class="itemfield"><div class="field_content"><span class="field_icon"><img src="../modules/gformbuilderpro/views/img/radio.png" alt="" /></span><span class="field_desc_wp"><span class="feildlabel"><span class="label_lang label_lang_1">Billing Address</span><span class="label_lang label_lang_2">Radio</span></span> <span class="feildname">{radio_82214}</span></span></div><span class="shortcode">[gformbuilderpro:31]</span></div><div id="gformbuilderpro_32" class="itemfield"><div class="field_content"><span class="field_icon"><img src="../modules/gformbuilderpro/views/img/input.png" alt="" /></span><span class="field_desc_wp"><span class="feildlabel"><span class="label_lang label_lang_1">First name(option)</span><span class="label_lang label_lang_2">Text</span></span> <span class="feildname">{input_8842}</span><span class="field_desc">Input field</span></span></div><span class="shortcode">[gformbuilderpro:32]</span></div><div id="gformbuilderpro_33" class="itemfield"><div class="field_content"><span class="field_icon"><img src="../modules/gformbuilderpro/views/img/input.png" alt="" /></span><span class="field_desc_wp"><span class="feildlabel"><span class="label_lang label_lang_1">Last name</span><span class="label_lang label_lang_2">Text</span></span> <span class="feildname">{input_44547}</span><span class="field_desc">Input field</span></span></div><span class="shortcode">[gformbuilderpro:33]</span></div><div id="gformbuilderpro_34" class="itemfield"><div class="field_content"><span class="field_icon"><img src="../modules/gformbuilderpro/views/img/input.png" alt="" /></span><span class="field_desc_wp"><span class="feildlabel"><span class="label_lang label_lang_1">Full address</span><span class="label_lang label_lang_2">Text</span></span> <span class="feildname">{input_63549}</span><span class="field_desc">Input field</span></span></div><span class="shortcode">[gformbuilderpro:34]</span></div><div id="gformbuilderpro_35" class="itemfield"><div class="field_content"><span class="field_icon"><img src="../modules/gformbuilderpro/views/img/input.png" alt="" /></span><span class="field_desc_wp"><span class="feildlabel"><span class="label_lang label_lang_1">Apartment, suite, etc. (optional)</span><span class="label_lang label_lang_2">Text</span></span> <span class="feildname">{input_40240}</span><span class="field_desc">Input field</span></span></div><span class="shortcode">[gformbuilderpro:35]</span></div><div id="gformbuilderpro_36" class="itemfield"><div class="field_content"><span class="field_icon"><img src="../modules/gformbuilderpro/views/img/select.png" alt="" /></span><span class="field_desc_wp"><span class="feildlabel"><span class="label_lang label_lang_1">Country</span><span class="label_lang label_lang_2">Select Country</span></span> <span class="feildname">{selectcountry_67868}</span></span></div><span class="shortcode">[gformbuilderpro:36]</span></div><div id="gformbuilderpro_37" class="itemfield"><div class="field_content"><span class="field_icon"><img src="../modules/gformbuilderpro/views/img/input.png" alt="" /></span><span class="field_desc_wp"><span class="feildlabel"><span class="label_lang label_lang_1">Postal code</span><span class="label_lang label_lang_2">Text</span></span> <span class="feildname">{input_8559}</span><span class="field_desc">Input field</span></span></div><span class="shortcode">[gformbuilderpro:37]</span></div></div></div></div>]]></formtemplate>                                                                                                                                                                                                            <fields>29,30,31,32,33,34,35,36,37</fields>
                                                                                                                                                                                                            <hooks></hooks>                                                                                                                                                                                                            <sendto>greenwebtester@gmail.com</sendto>
                                                                                                                                                                                                            <sender></sender>
                                                                                                                                                                                                            <autoredirect>0</autoredirect>
                                                                                                                                                                                                            <timedelay>0</timedelay>
                                                                                                                                                                                                            <redirect_link></redirect_link>                                                                                                                                                                                                            <ispopup>0</ispopup>
                                                                                                                                                                                                            <using_condition>0</using_condition>
                                                                                                                                                                                                            <autostar>0</autostar>
                                                                                                                                                                                                            <condition_configs></condition_configs>                                                                                                                                                                                                            <admin_attachfiles></admin_attachfiles>
                                                                                                                                                                                                            <sender_attachfiles></sender_attachfiles>
                                                                                                                                                                                                            <sender_name></sender_name>
                                                                                                                                                                                                            <mailchimp>0</mailchimp>
                                                                                                                                                                                                            <klaviyo>0</klaviyo>
                                                                                                                                                                                                            <zapier>0</zapier>
                                                                                                                                                                                                                                                                                                        <title  lang="en"><![CDATA[Wholesale Order Form]]></title>
                                                                                                                                                                                                                                                            <title  lang="it"><![CDATA[Wholesale Order Form]]></title>
                                                                                                                                                                                                                                                                                                                                                                                            <rewrite  lang="en"><![CDATA[wholesaleorderform]]></rewrite>
                                                                                                                                                                                                                                                            <rewrite  lang="it"><![CDATA[wholesaleorderform]]></rewrite>
                                                                                                                                                                                                                                                                                                                                                                                            <metakeywords  lang="en"></metakeywords>
                                                                                                                                                                                                                                                            <metakeywords  lang="it"></metakeywords>
                                                                                                                                                                                                                                                                                                                                                                                            <metadescription  lang="en"></metadescription>
                                                                                                                                                                                                                                                            <metadescription  lang="it"></metadescription>
                                                                                                                                                                                                                                                                                                                                                                                            <subject  lang="en"></subject>
                                                                                                                                                                                                                                                            <subject  lang="it"></subject>
                                                                                                                                                                                                                                                                                                                                                                                            <subjectsender  lang="en"></subjectsender>
                                                                                                                                                                                                                                                            <subjectsender  lang="it"></subjectsender>
                                                                                                                                                                                                                                                                                                                                                                                            <emailtemplate lang="en"><![CDATA[<table style="width:100%;">
<tbody>
<tr>
<td colspan="2" align="center" class="logo" style="border-bottom:4px solid #333333;padding:7px 0;"><a title="{shop_name}" href="%7Bshop_url%7D" style="color:#337ff1;"><img src="%7Bshop_logo%7D" alt="{shop_name}" /></a></td>
</tr>
<tr>
<td colspan="2" class="space_footer" style="padding:0;"></td>
</tr>
<tr>
<td colspan="2" class="space_footer" style="padding:0;"></td>
</tr>
<tr>
<td colspan="2" style="border-top:4px solid #333333;text-align:center;"><a href="%7Bshop_url%7D" title="{shop_name}">{shop_name}</a></td>
</tr>
</tbody>
</table>]]></emailtemplate>                                                                                                                                                                                                                                                            <emailtemplate lang="it"><![CDATA[<table style="width:100%;">
<tbody>
<tr>
<td colspan="2" align="center" class="logo" style="border-bottom:4px solid #333333;padding:7px 0;"><a title="{shop_name}" href="%7Bshop_url%7D" style="color:#337ff1;"><img src="%7Bshop_logo%7D" alt="{shop_name}" /></a></td>
</tr>
<tr>
<td colspan="2" class="space_footer" style="padding:0;"></td>
</tr>
<tr>
<td colspan="2" class="space_footer" style="padding:0;"></td>
</tr>
<tr>
<td colspan="2" style="border-top:4px solid #333333;text-align:center;"><a href="%7Bshop_url%7D" title="{shop_name}">{shop_name}</a></td>
</tr>
</tbody>
</table>]]></emailtemplate>                                                                                                                                                                                                                                                                                                                                                                                            <emailtemplatesender lang="en"></emailtemplatesender>                                                                                                                                                                                                                                                            <emailtemplatesender lang="it"></emailtemplatesender>                                                                                                                                                                                                                                                                                                                                                                                            <success_message lang="en"></success_message>                                                                                                                                                                                                                                                            <success_message lang="it"></success_message>                                                                                                                                                                                                                                                                                                                                                                                            <error_message lang="en"></error_message>                                                                                                                                                                                                                                                            <error_message lang="it"></error_message>                                                                                                                                                                                                                                                                                                                                                                                            <popup_label  lang="en"><![CDATA[Open form]]></popup_label>
                                                                                                                                                                                                                                                            <popup_label  lang="it"><![CDATA[Open form]]></popup_label>
                                                                                                                                                                                                                                                                                                                                                                                            <replysubject  lang="en"></replysubject>
                                                                                                                                                                                                                                                            <replysubject  lang="it"></replysubject>
                                                                                                                                                                                                                                                                                                                                                                                            <replyemailtemplate lang="en"><![CDATA[<table style="width:100%;">
<tbody>
<tr>
<td colspan="2" align="center" class="logo" style="border-bottom:4px solid #333333;padding:7px 0;"><a title="{shop_name}" href="%7Bshop_url%7D" style="color:#337ff1;"><img src="%7Bshop_logo%7D" alt="{shop_name}" /></a></td>
</tr>
<tr>
<td colspan="2" class="space_footer" style="padding:0;"></td>
</tr>
<tr>
<td colspan="2">{reply_message}</td>
</tr>
<tr>
<td colspan="2" class="space_footer" style="padding:0;"></td>
</tr>
<tr>
<td colspan="2" style="border-top:4px solid #333333;text-align:center;"><a href="%7Bshop_url%7D" title="{shop_name}">{shop_name}</a></td>
</tr>
</tbody>
</table>]]></replyemailtemplate>                                                                                                                                                                                                                                                            <replyemailtemplate lang="it"><![CDATA[<table style="width:100%;">
<tbody>
<tr>
<td colspan="2" align="center" class="logo" style="border-bottom:4px solid #333333;padding:7px 0;"><a title="{shop_name}" href="%7Bshop_url%7D" style="color:#337ff1;"><img src="%7Bshop_logo%7D" alt="{shop_name}" /></a></td>
</tr>
<tr>
<td colspan="2" class="space_footer" style="padding:0;"></td>
</tr>
<tr>
<td colspan="2">{reply_message}</td>
</tr>
<tr>
<td colspan="2" class="space_footer" style="padding:0;"></td>
</tr>
<tr>
<td colspan="2" style="border-top:4px solid #333333;text-align:center;"><a href="%7Bshop_url%7D" title="{shop_name}">{shop_name}</a></td>
</tr>
</tbody>
</table>]]></replyemailtemplate>                                                                                                                                                                                                                                                                                                                                                                                            <redirect_link_lang lang="en"></redirect_link_lang>                                                                                                                                                                                                                                                            <redirect_link_lang lang="it"></redirect_link_lang>                                                                                                                                                                                                                                                                                                <customcss></customcss>
                                                                                                                                                                                                <datafields>
                                                                                            <field id="29">
                                                                                                                                                                <required>0</required>
                                                                                                                                                                                                            <labelpos>1</labelpos>
                                                                                                                                                                                                            <name>html_82310</name>
                                                                                                                                                                                                            <type>html</type>
                                                                                                                                                                                                            <idatt>html_82310</idatt>
                                                                                                                                                                                                            <classatt>html_82310</classatt>
                                                                                                                                                                                                            <validate></validate>
                                                                                                                                                                                                            <extra></extra>
                                                                                                                                                                                                            <multi>0</multi>
                                                                                                                                                                                                            <dynamicval></dynamicval>
                                                                                                                                                                                                                                                                                                        <label  lang="en"><![CDATA[Html Block]]></label>
                                                                                                                                                                                                                                                            <label  lang="it"><![CDATA[Html Block]]></label>
                                                                                                                                                                                                                                                                                                                                                                                            <value  lang="en"></value>
                                                                                                                                                                                                                                                            <value  lang="it"></value>
                                                                                                                                                                                                                                                                                                                                                                                            <placeholder lang="en"></placeholder>                                                                                                                                                                                                                                                            <placeholder lang="it"></placeholder>                                                                                                                                                                                                                                                                                                                                                                                            <description lang="en"><![CDATA[<h1 style="text-align:center;">Wholesale Order Form</h1>
<p style="text-align:center;">Give you big discount for wholesale order, fill your order and make a payment in 5 minutes.</p>]]></description>                                                                                                                                                                                                                                                            <description lang="it"></description>                                                                                                                                                                                                                                                                                                <extra_option>0</extra_option>
                                                                                                                                                                                                            <condition>0</condition>
                                                                                                                                                                                                            <condition_display>0</condition_display>
                                                                                                                                                                                                            <condition_must_match>0</condition_must_match>
                                                                                                                                                                                                            <condition_listoptions>[]</condition_listoptions>
                                                                                                                                                                            </field>
                                                                                            <field id="30">
                                                                                                                                                                <required>0</required>
                                                                                                                                                                                                            <labelpos>0</labelpos>
                                                                                                                                                                                                            <name>wholesale_80164</name>
                                                                                                                                                                                                            <type>wholesale</type>
                                                                                                                                                                                                            <idatt>wholesale_80164</idatt>
                                                                                                                                                                                                            <classatt>wholesale_80164</classatt>
                                                                                                                                                                                                            <validate></validate>
                                                                                                                                                                                                            <extra>[]</extra>
                                                                                                                                                                                                            <multi>0</multi>
                                                                                                                                                                                                            <dynamicval></dynamicval>
                                                                                                                                                                                                                                                                                                        <label  lang="en"><![CDATA[Wholesale]]></label>
                                                                                                                                                                                                                                                            <label  lang="it"><![CDATA[Wholesale]]></label>
                                                                                                                                                                                                                                                                                                                                                                                            <value  lang="en"></value>
                                                                                                                                                                                                                                                            <value  lang="it"></value>
                                                                                                                                                                                                                                                                                                                                                                                            <placeholder lang="en"></placeholder>                                                                                                                                                                                                                                                            <placeholder lang="it"></placeholder>                                                                                                                                                                                                                                                                                                                                                                                            <description lang="en"></description>                                                                                                                                                                                                                                                            <description lang="it"></description>                                                                                                                                                                                                                                                                                                <extra_option>1</extra_option>
                                                                                                                                                                                                            <condition>0</condition>
                                                                                                                                                                                                            <condition_display>0</condition_display>
                                                                                                                                                                                                            <condition_must_match>0</condition_must_match>
                                                                                                                                                                                                            <condition_listoptions>[]</condition_listoptions>
                                                                                                                                                                            </field>
                                                                                            <field id="31">
                                                                                                                                                                <required>0</required>
                                                                                                                                                                                                            <labelpos>0</labelpos>
                                                                                                                                                                                                            <name>radio_82214</name>
                                                                                                                                                                                                            <type>radio</type>
                                                                                                                                                                                                            <idatt>radio_82214</idatt>
                                                                                                                                                                                                            <classatt>radio_82214</classatt>
                                                                                                                                                                                                            <validate></validate>
                                                                                                                                                                                                            <extra>12</extra>
                                                                                                                                                                                                            <multi>0</multi>
                                                                                                                                                                                                            <dynamicval></dynamicval>
                                                                                                                                                                                                                                                                                                        <label  lang="en"><![CDATA[Billing Address]]></label>
                                                                                                                                                                                                                                                            <label  lang="it"><![CDATA[Radio]]></label>
                                                                                                                                                                                                                                                                                                                                                                                            <value  lang="en"><![CDATA[Same as shipping address
Use a difference billing address]]></value>
                                                                                                                                                                                                                                                            <value  lang="it"></value>
                                                                                                                                                                                                                                                                                                                                                                                            <placeholder lang="en"></placeholder>                                                                                                                                                                                                                                                            <placeholder lang="it"></placeholder>                                                                                                                                                                                                                                                                                                                                                                                            <description lang="en"><![CDATA[Select the address that matches your card or payment method.
]]></description>                                                                                                                                                                                                                                                            <description lang="it"></description>                                                                                                                                                                                                                                                                                                <extra_option>0</extra_option>
                                                                                                                                                                                                            <condition>0</condition>
                                                                                                                                                                                                            <condition_display>0</condition_display>
                                                                                                                                                                                                            <condition_must_match>0</condition_must_match>
                                                                                                                                                                                                            <condition_listoptions>[]</condition_listoptions>
                                                                                                                                                                            </field>
                                                                                            <field id="32">
                                                                                                                                                                <required>0</required>
                                                                                                                                                                                                            <labelpos>0</labelpos>
                                                                                                                                                                                                            <name>input_8842</name>
                                                                                                                                                                                                            <type>input</type>
                                                                                                                                                                                                            <idatt>input_8842</idatt>
                                                                                                                                                                                                            <classatt>input_8842</classatt>
                                                                                                                                                                                                            <validate></validate>
                                                                                                                                                                                                            <extra>0</extra>
                                                                                                                                                                                                            <multi>0</multi>
                                                                                                                                                                                                            <dynamicval></dynamicval>
                                                                                                                                                                                                                                                                                                        <label  lang="en"><![CDATA[First name(option)]]></label>
                                                                                                                                                                                                                                                            <label  lang="it"><![CDATA[Text]]></label>
                                                                                                                                                                                                                                                                                                                                                                                            <value  lang="en"></value>
                                                                                                                                                                                                                                                            <value  lang="it"></value>
                                                                                                                                                                                                                                                                                                                                                                                            <placeholder lang="en"></placeholder>                                                                                                                                                                                                                                                            <placeholder lang="it"></placeholder>                                                                                                                                                                                                                                                                                                                                                                                            <description lang="en"></description>                                                                                                                                                                                                                                                            <description lang="it"></description>                                                                                                                                                                                                                                                                                                <extra_option>0</extra_option>
                                                                                                                                                                                                            <condition>1</condition>
                                                                                                                                                                                                            <condition_display>0</condition_display>
                                                                                                                                                                                                            <condition_must_match>0</condition_must_match>
                                                                                                                                                                                                            <condition_listoptions>{&quot;1&quot;:{&quot;id_field&quot;:&quot;31&quot;,&quot;condition&quot;:&quot;IS_EQUAL&quot;,&quot;conditionvalue&quot;:&quot;Use a difference billing address&quot;}}</condition_listoptions>
                                                                                                                                                                            </field>
                                                                                            <field id="33">
                                                                                                                                                                <required>0</required>
                                                                                                                                                                                                            <labelpos>0</labelpos>
                                                                                                                                                                                                            <name>input_44547</name>
                                                                                                                                                                                                            <type>input</type>
                                                                                                                                                                                                            <idatt>input_44547</idatt>
                                                                                                                                                                                                            <classatt>input_44547</classatt>
                                                                                                                                                                                                            <validate></validate>
                                                                                                                                                                                                            <extra>0</extra>
                                                                                                                                                                                                            <multi>0</multi>
                                                                                                                                                                                                            <dynamicval></dynamicval>
                                                                                                                                                                                                                                                                                                        <label  lang="en"><![CDATA[Last name]]></label>
                                                                                                                                                                                                                                                            <label  lang="it"><![CDATA[Text]]></label>
                                                                                                                                                                                                                                                                                                                                                                                            <value  lang="en"></value>
                                                                                                                                                                                                                                                            <value  lang="it"></value>
                                                                                                                                                                                                                                                                                                                                                                                            <placeholder lang="en"></placeholder>                                                                                                                                                                                                                                                            <placeholder lang="it"></placeholder>                                                                                                                                                                                                                                                                                                                                                                                            <description lang="en"></description>                                                                                                                                                                                                                                                            <description lang="it"></description>                                                                                                                                                                                                                                                                                                <extra_option>0</extra_option>
                                                                                                                                                                                                            <condition>1</condition>
                                                                                                                                                                                                            <condition_display>0</condition_display>
                                                                                                                                                                                                            <condition_must_match>0</condition_must_match>
                                                                                                                                                                                                            <condition_listoptions>{&quot;1&quot;:{&quot;id_field&quot;:&quot;31&quot;,&quot;condition&quot;:&quot;IS_EQUAL&quot;,&quot;conditionvalue&quot;:&quot;Use a difference billing address&quot;}}</condition_listoptions>
                                                                                                                                                                            </field>
                                                                                            <field id="34">
                                                                                                                                                                <required>0</required>
                                                                                                                                                                                                            <labelpos>0</labelpos>
                                                                                                                                                                                                            <name>input_63549</name>
                                                                                                                                                                                                            <type>input</type>
                                                                                                                                                                                                            <idatt>input_63549</idatt>
                                                                                                                                                                                                            <classatt>input_63549</classatt>
                                                                                                                                                                                                            <validate></validate>
                                                                                                                                                                                                            <extra>0</extra>
                                                                                                                                                                                                            <multi>0</multi>
                                                                                                                                                                                                            <dynamicval></dynamicval>
                                                                                                                                                                                                                                                                                                        <label  lang="en"><![CDATA[Full address]]></label>
                                                                                                                                                                                                                                                            <label  lang="it"><![CDATA[Text]]></label>
                                                                                                                                                                                                                                                                                                                                                                                            <value  lang="en"></value>
                                                                                                                                                                                                                                                            <value  lang="it"></value>
                                                                                                                                                                                                                                                                                                                                                                                            <placeholder lang="en"></placeholder>                                                                                                                                                                                                                                                            <placeholder lang="it"></placeholder>                                                                                                                                                                                                                                                                                                                                                                                            <description lang="en"></description>                                                                                                                                                                                                                                                            <description lang="it"></description>                                                                                                                                                                                                                                                                                                <extra_option>0</extra_option>
                                                                                                                                                                                                            <condition>1</condition>
                                                                                                                                                                                                            <condition_display>0</condition_display>
                                                                                                                                                                                                            <condition_must_match>0</condition_must_match>
                                                                                                                                                                                                            <condition_listoptions>{&quot;1&quot;:{&quot;id_field&quot;:&quot;31&quot;,&quot;condition&quot;:&quot;IS_EQUAL&quot;,&quot;conditionvalue&quot;:&quot;Use a difference billing address&quot;}}</condition_listoptions>
                                                                                                                                                                            </field>
                                                                                            <field id="35">
                                                                                                                                                                <required>0</required>
                                                                                                                                                                                                            <labelpos>0</labelpos>
                                                                                                                                                                                                            <name>input_40240</name>
                                                                                                                                                                                                            <type>input</type>
                                                                                                                                                                                                            <idatt>input_40240</idatt>
                                                                                                                                                                                                            <classatt>input_40240</classatt>
                                                                                                                                                                                                            <validate></validate>
                                                                                                                                                                                                            <extra>0</extra>
                                                                                                                                                                                                            <multi>0</multi>
                                                                                                                                                                                                            <dynamicval></dynamicval>
                                                                                                                                                                                                                                                                                                        <label  lang="en"><![CDATA[Apartment, suite, etc. (optional)]]></label>
                                                                                                                                                                                                                                                            <label  lang="it"><![CDATA[Text]]></label>
                                                                                                                                                                                                                                                                                                                                                                                            <value  lang="en"></value>
                                                                                                                                                                                                                                                            <value  lang="it"></value>
                                                                                                                                                                                                                                                                                                                                                                                            <placeholder lang="en"></placeholder>                                                                                                                                                                                                                                                            <placeholder lang="it"></placeholder>                                                                                                                                                                                                                                                                                                                                                                                            <description lang="en"></description>                                                                                                                                                                                                                                                            <description lang="it"></description>                                                                                                                                                                                                                                                                                                <extra_option>0</extra_option>
                                                                                                                                                                                                            <condition>1</condition>
                                                                                                                                                                                                            <condition_display>0</condition_display>
                                                                                                                                                                                                            <condition_must_match>0</condition_must_match>
                                                                                                                                                                                                            <condition_listoptions>{&quot;1&quot;:{&quot;id_field&quot;:&quot;31&quot;,&quot;condition&quot;:&quot;IS_EQUAL&quot;,&quot;conditionvalue&quot;:&quot;Use a difference billing address&quot;}}</condition_listoptions>
                                                                                                                                                                            </field>
                                                                                            <field id="36">
                                                                                                                                                                <required>0</required>
                                                                                                                                                                                                            <labelpos>0</labelpos>
                                                                                                                                                                                                            <name>selectcountry_67868</name>
                                                                                                                                                                                                            <type>selectcountry</type>
                                                                                                                                                                                                            <idatt>selectcountry_67868</idatt>
                                                                                                                                                                                                            <classatt>selectcountry_67868</classatt>
                                                                                                                                                                                                            <validate></validate>
                                                                                                                                                                                                            <extra>0</extra>
                                                                                                                                                                                                            <multi>0</multi>
                                                                                                                                                                                                            <dynamicval></dynamicval>
                                                                                                                                                                                                                                                                                                        <label  lang="en"><![CDATA[Country]]></label>
                                                                                                                                                                                                                                                            <label  lang="it"><![CDATA[Select Country]]></label>
                                                                                                                                                                                                                                                                                                                                                                                            <value  lang="en"></value>
                                                                                                                                                                                                                                                            <value  lang="it"></value>
                                                                                                                                                                                                                                                                                                                                                                                            <placeholder lang="en"></placeholder>                                                                                                                                                                                                                                                            <placeholder lang="it"></placeholder>                                                                                                                                                                                                                                                                                                                                                                                            <description lang="en"></description>                                                                                                                                                                                                                                                            <description lang="it"></description>                                                                                                                                                                                                                                                                                                <extra_option>0</extra_option>
                                                                                                                                                                                                            <condition>1</condition>
                                                                                                                                                                                                            <condition_display>0</condition_display>
                                                                                                                                                                                                            <condition_must_match>0</condition_must_match>
                                                                                                                                                                                                            <condition_listoptions>{&quot;1&quot;:{&quot;id_field&quot;:&quot;31&quot;,&quot;condition&quot;:&quot;IS_EQUAL&quot;,&quot;conditionvalue&quot;:&quot;Use a difference billing address&quot;}}</condition_listoptions>
                                                                                                                                                                            </field>
                                                                                            <field id="37">
                                                                                                                                                                <required>0</required>
                                                                                                                                                                                                            <labelpos>0</labelpos>
                                                                                                                                                                                                            <name>input_8559</name>
                                                                                                                                                                                                            <type>input</type>
                                                                                                                                                                                                            <idatt>input_8559</idatt>
                                                                                                                                                                                                            <classatt>input_8559</classatt>
                                                                                                                                                                                                            <validate></validate>
                                                                                                                                                                                                            <extra>0</extra>
                                                                                                                                                                                                            <multi>0</multi>
                                                                                                                                                                                                            <dynamicval></dynamicval>
                                                                                                                                                                                                                                                                                                        <label  lang="en"><![CDATA[Postal code]]></label>
                                                                                                                                                                                                                                                            <label  lang="it"><![CDATA[Text]]></label>
                                                                                                                                                                                                                                                                                                                                                                                            <value  lang="en"></value>
                                                                                                                                                                                                                                                            <value  lang="it"></value>
                                                                                                                                                                                                                                                                                                                                                                                            <placeholder lang="en"></placeholder>                                                                                                                                                                                                                                                            <placeholder lang="it"></placeholder>                                                                                                                                                                                                                                                                                                                                                                                            <description lang="en"></description>                                                                                                                                                                                                                                                            <description lang="it"></description>                                                                                                                                                                                                                                                                                                <extra_option>0</extra_option>
                                                                                                                                                                                                            <condition>1</condition>
                                                                                                                                                                                                            <condition_display>0</condition_display>
                                                                                                                                                                                                            <condition_must_match>0</condition_must_match>
                                                                                                                                                                                                            <condition_listoptions>{&quot;1&quot;:{&quot;id_field&quot;:&quot;31&quot;,&quot;condition&quot;:&quot;IS_EQUAL&quot;,&quot;conditionvalue&quot;:&quot;Use a difference billing address&quot;}}</condition_listoptions>
                                                                                                                                                                            </field>
                                                                                    </datafields>                                                                                     
                        </gform>
                                                                         
            </gforms>