<?xml version="1.0" encoding="UTF-8"?>
            <gforms module_version="1.3.6">
        
                                                                     
                        <gform id="4">
                                                                                                                                                                <active>1</active>
                                                                                                                                                                                                            <sendtosender>0</sendtosender>
                                                                                                                                                                                                            <usingajax>1</usingajax>
                                                                                                                                                                                                            <saveemail>1</saveemail>
                                                                                                                                                                                                            <requiredlogin>0</requiredlogin>
                                                                                                                                                                                                            <formtemplate><![CDATA[<div class="formbuilder_group"><div class="formbuilder_column col-md-12 col-sm-12 col-xs-12"><div class="itemfield_wp"><div id="gformbuilderpro_15" class="itemfield"><div class="field_content"><span class="field_icon"><img src="../modules/gformbuilderpro/views/img/html.png" alt="" /></span><span class="field_desc_wp"><span class="feildlabel"><span class="label_lang label_lang_1">Html Block</span><span class="label_lang label_lang_2">Html Block</span></span> <span class="feildname">{html_22231}</span></span></div><span class="shortcode">[gformbuilderpro:15]</span></div></div></div></div><div class="formbuilder_group"><div class="formbuilder_column col-md-12 col-sm-12 col-xs-12"><div class="itemfield_wp"><div id="gformbuilderpro_16" class="itemfield"><div class="field_content"><span class="field_icon"><img src="../modules/gformbuilderpro/views/img/select.png" alt="" /></span><span class="field_desc_wp"><span class="feildlabel"><span class="label_lang label_lang_1">What is you age range?</span><span class="label_lang label_lang_2">Select</span></span> <span class="feildname">{select_109}</span></span></div><span class="shortcode">[gformbuilderpro:16]</span></div><div id="gformbuilderpro_17" class="itemfield"><div class="field_content"><span class="field_icon"><img src="../modules/gformbuilderpro/views/img/select.png" alt="" /></span><span class="field_desc_wp"><span class="feildlabel"><span class="label_lang label_lang_1">What is your yearly income range?</span><span class="label_lang label_lang_2">Select</span></span> <span class="feildname">{select_14394}</span></span></div><span class="shortcode">[gformbuilderpro:17]</span></div><div id="gformbuilderpro_18" class="itemfield"><div class="field_content"><span class="field_icon"><img src="../modules/gformbuilderpro/views/img/radio.png" alt="" /></span><span class="field_desc_wp"><span class="feildlabel"><span class="label_lang label_lang_1">Gender</span><span class="label_lang label_lang_2">Radio</span></span> <span class="feildname">{radio_16940}</span></span></div><span class="shortcode">[gformbuilderpro:18]</span></div><div id="gformbuilderpro_19" class="itemfield"><div class="field_content"><span class="field_icon"><img src="../modules/gformbuilderpro/views/img/checkbox.png" alt="" /></span><span class="field_desc_wp"><span class="feildlabel"><span class="label_lang label_lang_1">Which of the following products have your purchased in the last 2 months.</span><span class="label_lang label_lang_2">Checkbox Input</span></span> <span class="feildname">{checkbox_85390}</span></span></div><span class="shortcode">[gformbuilderpro:19]</span></div><div id="gformbuilderpro_20" class="itemfield"><div class="field_content"><span class="field_icon"><img src="../modules/gformbuilderpro/views/img/radio.png" alt="" /></span><span class="field_desc_wp"><span class="feildlabel"><span class="label_lang label_lang_1">How often would you use our new product?</span><span class="label_lang label_lang_2">Radio</span></span> <span class="feildname">{radio_94793}</span></span></div><span class="shortcode">[gformbuilderpro:20]</span></div><div id="gformbuilderpro_21" class="itemfield"><div class="field_content"><span class="field_icon"><img src="../modules/gformbuilderpro/views/img/textarea.png" alt="" /></span><span class="field_desc_wp"><span class="feildlabel"><span class="label_lang label_lang_1">What features would you like to see in the new product?</span><span class="label_lang label_lang_2">Textarea</span></span> <span class="feildname">{textarea_29053}</span></span></div><span class="shortcode">[gformbuilderpro:21]</span></div></div></div></div>]]></formtemplate>                                                                                                                                                                                                            <fields>15,16,17,18,19,20,21</fields>
                                                                                                                                                                                                            <hooks></hooks>                                                                                                                                                                                                            <sendto>greenwebtester@gmail.com</sendto>
                                                                                                                                                                                                            <sender></sender>
                                                                                                                                                                                                            <autoredirect>0</autoredirect>
                                                                                                                                                                                                            <timedelay>0</timedelay>
                                                                                                                                                                                                            <redirect_link></redirect_link>                                                                                                                                                                                                            <ispopup>0</ispopup>
                                                                                                                                                                                                            <using_condition>0</using_condition>
                                                                                                                                                                                                            <autostar>0</autostar>
                                                                                                                                                                                                            <condition_configs></condition_configs>                                                                                                                                                                                                            <admin_attachfiles></admin_attachfiles>
                                                                                                                                                                                                            <sender_attachfiles></sender_attachfiles>
                                                                                                                                                                                                            <sender_name></sender_name>
                                                                                                                                                                                                            <mailchimp>0</mailchimp>
                                                                                                                                                                                                            <klaviyo>0</klaviyo>
                                                                                                                                                                                                            <zapier>0</zapier>
                                                                                                                                                                                                                                                                                                        <title  lang="en"><![CDATA[Get Discount Code﻿]]></title>
                                                                                                                                                                                                                                                            <title  lang="it"><![CDATA[Get Discount Code﻿]]></title>
                                                                                                                                                                                                                                                                                                                                                                                            <rewrite  lang="en"><![CDATA[getdiscountcode]]></rewrite>
                                                                                                                                                                                                                                                            <rewrite  lang="it"><![CDATA[getdiscountcode]]></rewrite>
                                                                                                                                                                                                                                                                                                                                                                                            <metakeywords  lang="en"></metakeywords>
                                                                                                                                                                                                                                                            <metakeywords  lang="it"></metakeywords>
                                                                                                                                                                                                                                                                                                                                                                                            <metadescription  lang="en"></metadescription>
                                                                                                                                                                                                                                                            <metadescription  lang="it"></metadescription>
                                                                                                                                                                                                                                                                                                                                                                                            <subject  lang="en"></subject>
                                                                                                                                                                                                                                                            <subject  lang="it"></subject>
                                                                                                                                                                                                                                                                                                                                                                                            <subjectsender  lang="en"></subjectsender>
                                                                                                                                                                                                                                                            <subjectsender  lang="it"></subjectsender>
                                                                                                                                                                                                                                                                                                                                                                                            <emailtemplate lang="en"><![CDATA[<table style="width:100%;">
<tbody>
<tr>
<td colspan="2" align="center" class="logo" style="border-bottom:4px solid #333333;padding:7px 0;"><a title="{shop_name}" href="%7Bshop_url%7D" style="color:#337ff1;"><img src="%7Bshop_logo%7D" alt="{shop_name}" /></a></td>
</tr>
<tr>
<td colspan="2" class="space_footer" style="padding:0;"></td>
</tr>
<tr style="background:#fcfcfc;">
<td style="width:40%;padding:0;"><strong>What is you age range?</strong></td>
<td style="width:60%;padding:0;">{select_109}</td>
</tr>
<tr style="background:#f0f0f0;">
<td style="width:40%;padding:0;"><strong>What is your yearly income range?</strong></td>
<td style="width:60%;padding:0;">{select_14394}</td>
</tr>
<tr style="background:#fcfcfc;">
<td style="width:40%;padding:0;"><strong>Gender</strong></td>
<td style="width:60%;padding:0;">{radio_16940}</td>
</tr>
<tr style="background:#f0f0f0;">
<td style="width:40%;padding:0;"><strong>Which of the following products have your purchased in the last 2 months.</strong></td>
<td style="width:60%;padding:0;">{checkbox_85390}</td>
</tr>
<tr style="background:#fcfcfc;">
<td style="width:40%;padding:0;"><strong>How often would you use our new product?</strong></td>
<td style="width:60%;padding:0;">{radio_94793}</td>
</tr>
<tr style="background:#f0f0f0;">
<td style="width:40%;padding:0;"><strong>What features would you like to see in the new product?</strong></td>
<td style="width:60%;padding:0;">{textarea_29053}</td>
</tr>
<tr>
<td colspan="2" class="space_footer" style="padding:0;"></td>
</tr>
<tr>
<td colspan="2" style="border-top:4px solid #333333;text-align:center;"><a href="%7Bshop_url%7D" title="{shop_name}">{shop_name}</a></td>
</tr>
</tbody>
</table>]]></emailtemplate>                                                                                                                                                                                                                                                            <emailtemplate lang="it"><![CDATA[<table style="width:100%;">
<tbody>
<tr>
<td colspan="2" align="center" class="logo" style="border-bottom:4px solid #333333;padding:7px 0;"><a title="{shop_name}" href="%7Bshop_url%7D" style="color:#337ff1;"><img src="%7Bshop_logo%7D" alt="{shop_name}" /></a></td>
</tr>
<tr>
<td colspan="2" class="space_footer" style="padding:0;"></td>
</tr>
<tr style="background:#fcfcfc;">
<td style="width:40%;padding:0;"><strong>Select</strong></td>
<td style="width:60%;padding:0;">{select_109}</td>
</tr>
<tr style="background:#f0f0f0;">
<td style="width:40%;padding:0;"><strong>Select</strong></td>
<td style="width:60%;padding:0;">{select_14394}</td>
</tr>
<tr style="background:#fcfcfc;">
<td style="width:40%;padding:0;"><strong>Radio</strong></td>
<td style="width:60%;padding:0;">{radio_16940}</td>
</tr>
<tr style="background:#f0f0f0;">
<td style="width:40%;padding:0;"><strong>Checkbox Input</strong></td>
<td style="width:60%;padding:0;">{checkbox_85390}</td>
</tr>
<tr style="background:#fcfcfc;">
<td style="width:40%;padding:0;"><strong>Radio</strong></td>
<td style="width:60%;padding:0;">{radio_94793}</td>
</tr>
<tr style="background:#f0f0f0;">
<td style="width:40%;padding:0;"><strong>Textarea</strong></td>
<td style="width:60%;padding:0;">{textarea_29053}</td>
</tr>
<tr>
<td colspan="2" class="space_footer" style="padding:0;"></td>
</tr>
<tr>
<td colspan="2" style="border-top:4px solid #333333;text-align:center;"><a href="%7Bshop_url%7D" title="{shop_name}">{shop_name}</a></td>
</tr>
</tbody>
</table>]]></emailtemplate>                                                                                                                                                                                                                                                                                                                                                                                            <emailtemplatesender lang="en"></emailtemplatesender>                                                                                                                                                                                                                                                            <emailtemplatesender lang="it"></emailtemplatesender>                                                                                                                                                                                                                                                                                                                                                                                            <success_message lang="en"></success_message>                                                                                                                                                                                                                                                            <success_message lang="it"></success_message>                                                                                                                                                                                                                                                                                                                                                                                            <error_message lang="en"></error_message>                                                                                                                                                                                                                                                            <error_message lang="it"></error_message>                                                                                                                                                                                                                                                                                                                                                                                            <popup_label  lang="en"><![CDATA[Open form]]></popup_label>
                                                                                                                                                                                                                                                            <popup_label  lang="it"><![CDATA[Open form]]></popup_label>
                                                                                                                                                                                                                                                                                                                                                                                            <replysubject  lang="en"></replysubject>
                                                                                                                                                                                                                                                            <replysubject  lang="it"></replysubject>
                                                                                                                                                                                                                                                                                                                                                                                            <replyemailtemplate lang="en"><![CDATA[<table style="width:100%;">
<tbody>
<tr>
<td colspan="2" align="center" class="logo" style="border-bottom:4px solid #333333;padding:7px 0;"><a title="{shop_name}" href="%7Bshop_url%7D" style="color:#337ff1;"><img src="%7Bshop_logo%7D" alt="{shop_name}" /></a></td>
</tr>
<tr>
<td colspan="2" class="space_footer" style="padding:0;"></td>
</tr>
<tr>
<td colspan="2">{reply_message}</td>
</tr>
<tr>
<td colspan="2" class="space_footer" style="padding:0;"></td>
</tr>
<tr>
<td colspan="2" style="border-top:4px solid #333333;text-align:center;"><a href="%7Bshop_url%7D" title="{shop_name}">{shop_name}</a></td>
</tr>
</tbody>
</table>]]></replyemailtemplate>                                                                                                                                                                                                                                                            <replyemailtemplate lang="it"><![CDATA[<table style="width:100%;">
<tbody>
<tr>
<td colspan="2" align="center" class="logo" style="border-bottom:4px solid #333333;padding:7px 0;"><a title="{shop_name}" href="%7Bshop_url%7D" style="color:#337ff1;"><img src="%7Bshop_logo%7D" alt="{shop_name}" /></a></td>
</tr>
<tr>
<td colspan="2" class="space_footer" style="padding:0;"></td>
</tr>
<tr>
<td colspan="2">{reply_message}</td>
</tr>
<tr>
<td colspan="2" class="space_footer" style="padding:0;"></td>
</tr>
<tr>
<td colspan="2" style="border-top:4px solid #333333;text-align:center;"><a href="%7Bshop_url%7D" title="{shop_name}">{shop_name}</a></td>
</tr>
</tbody>
</table>]]></replyemailtemplate>                                                                                                                                                                                                                                                                                                                                                                                            <redirect_link_lang lang="en"></redirect_link_lang>                                                                                                                                                                                                                                                            <redirect_link_lang lang="it"></redirect_link_lang>                                                                                                                                                                                                                                                                                                <customcss></customcss>
                                                                                                                                                                                                <datafields>
                                                                                            <field id="15">
                                                                                                                                                                <required>0</required>
                                                                                                                                                                                                            <labelpos>1</labelpos>
                                                                                                                                                                                                            <name>html_22231</name>
                                                                                                                                                                                                            <type>html</type>
                                                                                                                                                                                                            <idatt>html_22231</idatt>
                                                                                                                                                                                                            <classatt>html_22231</classatt>
                                                                                                                                                                                                            <validate></validate>
                                                                                                                                                                                                            <extra></extra>
                                                                                                                                                                                                            <multi>0</multi>
                                                                                                                                                                                                            <dynamicval></dynamicval>
                                                                                                                                                                                                                                                                                                        <label  lang="en"><![CDATA[Html Block]]></label>
                                                                                                                                                                                                                                                            <label  lang="it"><![CDATA[Html Block]]></label>
                                                                                                                                                                                                                                                                                                                                                                                            <value  lang="en"></value>
                                                                                                                                                                                                                                                            <value  lang="it"></value>
                                                                                                                                                                                                                                                                                                                                                                                            <placeholder lang="en"></placeholder>                                                                                                                                                                                                                                                            <placeholder lang="it"></placeholder>                                                                                                                                                                                                                                                                                                                                                                                            <description lang="en"><![CDATA[<h1 style="text-align:center;">Get Discount Code</h1>
<p style="text-align:center;">Take a few moments to complete this Market Research Survey, you will get a discount code, using the discount code at checkout.</p>]]></description>                                                                                                                                                                                                                                                            <description lang="it"></description>                                                                                                                                                                                                                                                                                                <extra_option>0</extra_option>
                                                                                                                                                                                                            <condition>0</condition>
                                                                                                                                                                                                            <condition_display>0</condition_display>
                                                                                                                                                                                                            <condition_must_match>0</condition_must_match>
                                                                                                                                                                                                            <condition_listoptions>[]</condition_listoptions>
                                                                                                                                                                            </field>
                                                                                            <field id="16">
                                                                                                                                                                <required>0</required>
                                                                                                                                                                                                            <labelpos>0</labelpos>
                                                                                                                                                                                                            <name>select_109</name>
                                                                                                                                                                                                            <type>select</type>
                                                                                                                                                                                                            <idatt>select_109</idatt>
                                                                                                                                                                                                            <classatt>select_109</classatt>
                                                                                                                                                                                                            <validate></validate>
                                                                                                                                                                                                            <extra></extra>
                                                                                                                                                                                                            <multi>0</multi>
                                                                                                                                                                                                            <dynamicval></dynamicval>
                                                                                                                                                                                                                                                                                                        <label  lang="en"><![CDATA[What is you age range?]]></label>
                                                                                                                                                                                                                                                            <label  lang="it"><![CDATA[Select]]></label>
                                                                                                                                                                                                                                                                                                                                                                                            <value  lang="en"><![CDATA[option1
option2
option3]]></value>
                                                                                                                                                                                                                                                            <value  lang="it"></value>
                                                                                                                                                                                                                                                                                                                                                                                            <placeholder lang="en"></placeholder>                                                                                                                                                                                                                                                            <placeholder lang="it"></placeholder>                                                                                                                                                                                                                                                                                                                                                                                            <description lang="en"></description>                                                                                                                                                                                                                                                            <description lang="it"></description>                                                                                                                                                                                                                                                                                                <extra_option>0</extra_option>
                                                                                                                                                                                                            <condition>0</condition>
                                                                                                                                                                                                            <condition_display>0</condition_display>
                                                                                                                                                                                                            <condition_must_match>0</condition_must_match>
                                                                                                                                                                                                            <condition_listoptions>[]</condition_listoptions>
                                                                                                                                                                            </field>
                                                                                            <field id="17">
                                                                                                                                                                <required>0</required>
                                                                                                                                                                                                            <labelpos>0</labelpos>
                                                                                                                                                                                                            <name>select_14394</name>
                                                                                                                                                                                                            <type>select</type>
                                                                                                                                                                                                            <idatt>select_14394</idatt>
                                                                                                                                                                                                            <classatt>select_14394</classatt>
                                                                                                                                                                                                            <validate></validate>
                                                                                                                                                                                                            <extra></extra>
                                                                                                                                                                                                            <multi>0</multi>
                                                                                                                                                                                                            <dynamicval></dynamicval>
                                                                                                                                                                                                                                                                                                        <label  lang="en"><![CDATA[What is your yearly income range?]]></label>
                                                                                                                                                                                                                                                            <label  lang="it"><![CDATA[Select]]></label>
                                                                                                                                                                                                                                                                                                                                                                                            <value  lang="en"><![CDATA[option1
option2
option3]]></value>
                                                                                                                                                                                                                                                            <value  lang="it"></value>
                                                                                                                                                                                                                                                                                                                                                                                            <placeholder lang="en"></placeholder>                                                                                                                                                                                                                                                            <placeholder lang="it"></placeholder>                                                                                                                                                                                                                                                                                                                                                                                            <description lang="en"></description>                                                                                                                                                                                                                                                            <description lang="it"></description>                                                                                                                                                                                                                                                                                                <extra_option>0</extra_option>
                                                                                                                                                                                                            <condition>0</condition>
                                                                                                                                                                                                            <condition_display>0</condition_display>
                                                                                                                                                                                                            <condition_must_match>0</condition_must_match>
                                                                                                                                                                                                            <condition_listoptions>{&quot;1&quot;:{&quot;id_field&quot;:&quot;0&quot;,&quot;condition&quot;:&quot;IS_EQUAL&quot;,&quot;conditionvalue&quot;:&quot;&quot;}}</condition_listoptions>
                                                                                                                                                                            </field>
                                                                                            <field id="18">
                                                                                                                                                                <required>0</required>
                                                                                                                                                                                                            <labelpos>0</labelpos>
                                                                                                                                                                                                            <name>radio_16940</name>
                                                                                                                                                                                                            <type>radio</type>
                                                                                                                                                                                                            <idatt>radio_16940</idatt>
                                                                                                                                                                                                            <classatt>radio_16940</classatt>
                                                                                                                                                                                                            <validate></validate>
                                                                                                                                                                                                            <extra>12</extra>
                                                                                                                                                                                                            <multi>0</multi>
                                                                                                                                                                                                            <dynamicval></dynamicval>
                                                                                                                                                                                                                                                                                                        <label  lang="en"><![CDATA[Gender]]></label>
                                                                                                                                                                                                                                                            <label  lang="it"><![CDATA[Radio]]></label>
                                                                                                                                                                                                                                                                                                                                                                                            <value  lang="en"><![CDATA[Male
Femal
Prefer Not to Disclose]]></value>
                                                                                                                                                                                                                                                            <value  lang="it"></value>
                                                                                                                                                                                                                                                                                                                                                                                            <placeholder lang="en"></placeholder>                                                                                                                                                                                                                                                            <placeholder lang="it"></placeholder>                                                                                                                                                                                                                                                                                                                                                                                            <description lang="en"></description>                                                                                                                                                                                                                                                            <description lang="it"></description>                                                                                                                                                                                                                                                                                                <extra_option>0</extra_option>
                                                                                                                                                                                                            <condition>0</condition>
                                                                                                                                                                                                            <condition_display>0</condition_display>
                                                                                                                                                                                                            <condition_must_match>0</condition_must_match>
                                                                                                                                                                                                            <condition_listoptions>{&quot;1&quot;:{&quot;id_field&quot;:&quot;0&quot;,&quot;condition&quot;:&quot;IS_EQUAL&quot;,&quot;conditionvalue&quot;:&quot;&quot;}}</condition_listoptions>
                                                                                                                                                                            </field>
                                                                                            <field id="19">
                                                                                                                                                                <required>0</required>
                                                                                                                                                                                                            <labelpos>0</labelpos>
                                                                                                                                                                                                            <name>checkbox_85390</name>
                                                                                                                                                                                                            <type>checkbox</type>
                                                                                                                                                                                                            <idatt>checkbox_85390</idatt>
                                                                                                                                                                                                            <classatt>checkbox_85390</classatt>
                                                                                                                                                                                                            <validate></validate>
                                                                                                                                                                                                            <extra>12</extra>
                                                                                                                                                                                                            <multi>0</multi>
                                                                                                                                                                                                            <dynamicval></dynamicval>
                                                                                                                                                                                                                                                                                                        <label  lang="en"><![CDATA[Which of the following products have your purchased in the last 2 months.]]></label>
                                                                                                                                                                                                                                                            <label  lang="it"><![CDATA[Checkbox Input]]></label>
                                                                                                                                                                                                                                                                                                                                                                                            <value  lang="en"><![CDATA[product1
product2
product3]]></value>
                                                                                                                                                                                                                                                            <value  lang="it"></value>
                                                                                                                                                                                                                                                                                                                                                                                            <placeholder lang="en"></placeholder>                                                                                                                                                                                                                                                            <placeholder lang="it"></placeholder>                                                                                                                                                                                                                                                                                                                                                                                            <description lang="en"></description>                                                                                                                                                                                                                                                            <description lang="it"></description>                                                                                                                                                                                                                                                                                                <extra_option>0</extra_option>
                                                                                                                                                                                                            <condition>0</condition>
                                                                                                                                                                                                            <condition_display>0</condition_display>
                                                                                                                                                                                                            <condition_must_match>0</condition_must_match>
                                                                                                                                                                                                            <condition_listoptions>{&quot;1&quot;:{&quot;id_field&quot;:&quot;0&quot;,&quot;condition&quot;:&quot;IS_EQUAL&quot;,&quot;conditionvalue&quot;:&quot;&quot;}}</condition_listoptions>
                                                                                                                                                                            </field>
                                                                                            <field id="20">
                                                                                                                                                                <required>0</required>
                                                                                                                                                                                                            <labelpos>0</labelpos>
                                                                                                                                                                                                            <name>radio_94793</name>
                                                                                                                                                                                                            <type>radio</type>
                                                                                                                                                                                                            <idatt>radio_94793</idatt>
                                                                                                                                                                                                            <classatt>radio_94793</classatt>
                                                                                                                                                                                                            <validate></validate>
                                                                                                                                                                                                            <extra>12</extra>
                                                                                                                                                                                                            <multi>0</multi>
                                                                                                                                                                                                            <dynamicval></dynamicval>
                                                                                                                                                                                                                                                                                                        <label  lang="en"><![CDATA[How often would you use our new product?]]></label>
                                                                                                                                                                                                                                                            <label  lang="it"><![CDATA[Radio]]></label>
                                                                                                                                                                                                                                                                                                                                                                                            <value  lang="en"><![CDATA[Daily
Weekly
Monthly]]></value>
                                                                                                                                                                                                                                                            <value  lang="it"></value>
                                                                                                                                                                                                                                                                                                                                                                                            <placeholder lang="en"></placeholder>                                                                                                                                                                                                                                                            <placeholder lang="it"></placeholder>                                                                                                                                                                                                                                                                                                                                                                                            <description lang="en"></description>                                                                                                                                                                                                                                                            <description lang="it"></description>                                                                                                                                                                                                                                                                                                <extra_option>0</extra_option>
                                                                                                                                                                                                            <condition>0</condition>
                                                                                                                                                                                                            <condition_display>0</condition_display>
                                                                                                                                                                                                            <condition_must_match>0</condition_must_match>
                                                                                                                                                                                                            <condition_listoptions>{&quot;1&quot;:{&quot;id_field&quot;:&quot;0&quot;,&quot;condition&quot;:&quot;IS_EQUAL&quot;,&quot;conditionvalue&quot;:&quot;&quot;}}</condition_listoptions>
                                                                                                                                                                            </field>
                                                                                            <field id="21">
                                                                                                                                                                <required>0</required>
                                                                                                                                                                                                            <labelpos>0</labelpos>
                                                                                                                                                                                                            <name>textarea_29053</name>
                                                                                                                                                                                                            <type>textarea</type>
                                                                                                                                                                                                            <idatt>textarea_29053</idatt>
                                                                                                                                                                                                            <classatt>textarea_29053</classatt>
                                                                                                                                                                                                            <validate></validate>
                                                                                                                                                                                                            <extra></extra>
                                                                                                                                                                                                            <multi>0</multi>
                                                                                                                                                                                                            <dynamicval></dynamicval>
                                                                                                                                                                                                                                                                                                        <label  lang="en"><![CDATA[What features would you like to see in the new product?]]></label>
                                                                                                                                                                                                                                                            <label  lang="it"><![CDATA[Textarea]]></label>
                                                                                                                                                                                                                                                                                                                                                                                            <value  lang="en"></value>
                                                                                                                                                                                                                                                            <value  lang="it"></value>
                                                                                                                                                                                                                                                                                                                                                                                            <placeholder lang="en"></placeholder>                                                                                                                                                                                                                                                            <placeholder lang="it"></placeholder>                                                                                                                                                                                                                                                                                                                                                                                            <description lang="en"></description>                                                                                                                                                                                                                                                            <description lang="it"></description>                                                                                                                                                                                                                                                                                                <extra_option>0</extra_option>
                                                                                                                                                                                                            <condition>0</condition>
                                                                                                                                                                                                            <condition_display>0</condition_display>
                                                                                                                                                                                                            <condition_must_match>0</condition_must_match>
                                                                                                                                                                                                            <condition_listoptions>{&quot;1&quot;:{&quot;id_field&quot;:&quot;0&quot;,&quot;condition&quot;:&quot;IS_EQUAL&quot;,&quot;conditionvalue&quot;:&quot;&quot;}}</condition_listoptions>
                                                                                                                                                                            </field>
                                                                                    </datafields>                                                                                     
                        </gform>
                                                                         
            </gforms>