<?xml version="1.0" encoding="UTF-8"?>
            <gforms module_version="1.3.6">
        
                                                                     
                        <gform id="5">
                                                                                                                                                                <active>1</active>
                                                                                                                                                                                                            <sendtosender>0</sendtosender>
                                                                                                                                                                                                            <usingajax>1</usingajax>
                                                                                                                                                                                                            <saveemail>1</saveemail>
                                                                                                                                                                                                            <requiredlogin>0</requiredlogin>
                                                                                                                                                                                                            <formtemplate><![CDATA[<div class="formbuilder_group"><div class="formbuilder_column col-md-12 col-sm-12 col-xs-12"><div class="itemfield_wp"><div class="itemfield" id="gformbuilderpro_22"><div class="field_content"><span class="field_icon"><img src="../modules/gformbuilderpro/views/img/html.png" alt="" /></span><span class="field_desc_wp"><span class="feildlabel"><span class="label_lang label_lang_1">Html Block</span><span class="label_lang label_lang_2">Html Block</span></span> <span class="feildname">{html_28117}</span></span></div><span class="shortcode">[gformbuilderpro:22]</span></div><div class="itemfield" id="gformbuilderpro_23"><div class="field_content"><span class="field_icon"><img src="../modules/gformbuilderpro/views/img/input.png" alt="" /></span><span class="field_desc_wp"><span class="feildlabel"><span class="label_lang label_lang_1">Full Name</span><span class="label_lang label_lang_2">Text</span></span> <span class="feildname">{input_78499}</span><span class="field_desc">Input field</span></span></div><span class="shortcode">[gformbuilderpro:23]</span></div><div class="itemfield" id="gformbuilderpro_24"><div class="field_content"><span class="field_icon"><img src="../modules/gformbuilderpro/views/img/input.png" alt="" /></span><span class="field_desc_wp"><span class="feildlabel"><span class="label_lang label_lang_1">Email</span><span class="label_lang label_lang_2">Text</span></span> <span class="feildname">{input_7637}</span><span class="field_desc">Input field</span></span></div><span class="shortcode">[gformbuilderpro:24]</span></div><div class="itemfield" id="gformbuilderpro_25"><div class="field_content"><span class="field_icon"><img src="../modules/gformbuilderpro/views/img/input.png" alt="" /></span><span class="field_desc_wp"><span class="feildlabel"><span class="label_lang label_lang_1">Phone Number</span><span class="label_lang label_lang_2">Text</span></span> <span class="feildname">{input_5771}</span><span class="field_desc">Input field</span></span></div><span class="shortcode">[gformbuilderpro:25]</span></div><div class="itemfield" id="gformbuilderpro_26"><div class="field_content"><span class="field_icon"><img src="../modules/gformbuilderpro/views/img/time.png" alt="" /></span><span class="field_desc_wp"><span class="feildlabel"><span class="label_lang label_lang_1">Best time to call</span><span class="label_lang label_lang_2">Time</span></span> <span class="feildname">{time_61491}</span></span></div><span class="shortcode">[gformbuilderpro:26]</span></div><div class="itemfield" id="gformbuilderpro_27"><div class="field_content"><span class="field_icon"><img src="../modules/gformbuilderpro/views/img/textarea.png" alt="" /></span><span class="field_desc_wp"><span class="feildlabel"><span class="label_lang label_lang_1">Gifts you wish to order</span><span class="label_lang label_lang_2">Textarea</span></span> <span class="feildname">{textarea_48963}</span></span></div><span class="shortcode">[gformbuilderpro:27]</span></div><div class="itemfield" id="gformbuilderpro_28"><div class="field_content"><span class="field_icon"><img src="../modules/gformbuilderpro/views/img/radio.png" alt="" /></span><span class="field_desc_wp"><span class="feildlabel"><span class="label_lang label_lang_1">Delivery or Pickup?</span><span class="label_lang label_lang_2">Radio</span></span> <span class="feildname">{radio_77394}</span></span></div><span class="shortcode">[gformbuilderpro:28]</span></div></div></div></div>]]></formtemplate>                                                                                                                                                                                                            <fields>22,23,24,25,26,27,28</fields>
                                                                                                                                                                                                            <hooks></hooks>                                                                                                                                                                                                            <sendto>greenwebtester@gmail.com</sendto>
                                                                                                                                                                                                            <sender></sender>
                                                                                                                                                                                                            <autoredirect>0</autoredirect>
                                                                                                                                                                                                            <timedelay>0</timedelay>
                                                                                                                                                                                                            <redirect_link></redirect_link>                                                                                                                                                                                                            <ispopup>0</ispopup>
                                                                                                                                                                                                            <using_condition>0</using_condition>
                                                                                                                                                                                                            <autostar>0</autostar>
                                                                                                                                                                                                            <condition_configs></condition_configs>                                                                                                                                                                                                            <admin_attachfiles></admin_attachfiles>
                                                                                                                                                                                                            <sender_attachfiles></sender_attachfiles>
                                                                                                                                                                                                            <sender_name></sender_name>
                                                                                                                                                                                                            <mailchimp>0</mailchimp>
                                                                                                                                                                                                            <klaviyo>0</klaviyo>
                                                                                                                                                                                                            <zapier>0</zapier>
                                                                                                                                                                                                                                                                                                        <title  lang="en"><![CDATA[Order Form]]></title>
                                                                                                                                                                                                                                                            <title  lang="it"><![CDATA[Order Form]]></title>
                                                                                                                                                                                                                                                                                                                                                                                            <rewrite  lang="en"><![CDATA[orderform]]></rewrite>
                                                                                                                                                                                                                                                            <rewrite  lang="it"><![CDATA[orderform]]></rewrite>
                                                                                                                                                                                                                                                                                                                                                                                            <metakeywords  lang="en"></metakeywords>
                                                                                                                                                                                                                                                            <metakeywords  lang="it"></metakeywords>
                                                                                                                                                                                                                                                                                                                                                                                            <metadescription  lang="en"></metadescription>
                                                                                                                                                                                                                                                            <metadescription  lang="it"></metadescription>
                                                                                                                                                                                                                                                                                                                                                                                            <subject  lang="en"></subject>
                                                                                                                                                                                                                                                            <subject  lang="it"></subject>
                                                                                                                                                                                                                                                                                                                                                                                            <subjectsender  lang="en"></subjectsender>
                                                                                                                                                                                                                                                            <subjectsender  lang="it"></subjectsender>
                                                                                                                                                                                                                                                                                                                                                                                            <emailtemplate lang="en"><![CDATA[<table style="width:100%;">
<tbody>
<tr>
<td colspan="2" align="center" class="logo" style="border-bottom:4px solid #333333;padding:7px 0;"><a title="{shop_name}" href="%7Bshop_url%7D" style="color:#337ff1;"><img src="%7Bshop_logo%7D" alt="{shop_name}" /></a></td>
</tr>
<tr>
<td colspan="2" class="space_footer" style="padding:0;"></td>
</tr>
<tr>
<td colspan="2" class="space_footer" style="padding:0;"></td>
</tr>
<tr>
<td colspan="2" style="border-top:4px solid #333333;text-align:center;"><a href="%7Bshop_url%7D" title="{shop_name}">{shop_name}</a></td>
</tr>
</tbody>
</table>]]></emailtemplate>                                                                                                                                                                                                                                                            <emailtemplate lang="it"><![CDATA[<table style="width:100%;">
<tbody>
<tr>
<td colspan="2" align="center" class="logo" style="border-bottom:4px solid #333333;padding:7px 0;"><a title="{shop_name}" href="%7Bshop_url%7D" style="color:#337ff1;"><img src="%7Bshop_logo%7D" alt="{shop_name}" /></a></td>
</tr>
<tr>
<td colspan="2" class="space_footer" style="padding:0;"></td>
</tr>
<tr>
<td colspan="2" class="space_footer" style="padding:0;"></td>
</tr>
<tr>
<td colspan="2" style="border-top:4px solid #333333;text-align:center;"><a href="%7Bshop_url%7D" title="{shop_name}">{shop_name}</a></td>
</tr>
</tbody>
</table>]]></emailtemplate>                                                                                                                                                                                                                                                                                                                                                                                            <emailtemplatesender lang="en"></emailtemplatesender>                                                                                                                                                                                                                                                            <emailtemplatesender lang="it"></emailtemplatesender>                                                                                                                                                                                                                                                                                                                                                                                            <success_message lang="en"></success_message>                                                                                                                                                                                                                                                            <success_message lang="it"></success_message>                                                                                                                                                                                                                                                                                                                                                                                            <error_message lang="en"></error_message>                                                                                                                                                                                                                                                            <error_message lang="it"></error_message>                                                                                                                                                                                                                                                                                                                                                                                            <popup_label  lang="en"><![CDATA[Open form]]></popup_label>
                                                                                                                                                                                                                                                            <popup_label  lang="it"><![CDATA[Open form]]></popup_label>
                                                                                                                                                                                                                                                                                                                                                                                            <replysubject  lang="en"></replysubject>
                                                                                                                                                                                                                                                            <replysubject  lang="it"></replysubject>
                                                                                                                                                                                                                                                                                                                                                                                            <replyemailtemplate lang="en"><![CDATA[<table style="width:100%;">
<tbody>
<tr>
<td colspan="2" align="center" class="logo" style="border-bottom:4px solid #333333;padding:7px 0;"><a title="{shop_name}" href="%7Bshop_url%7D" style="color:#337ff1;"><img src="%7Bshop_logo%7D" alt="{shop_name}" /></a></td>
</tr>
<tr>
<td colspan="2" class="space_footer" style="padding:0;"></td>
</tr>
<tr>
<td colspan="2">{reply_message}</td>
</tr>
<tr>
<td colspan="2" class="space_footer" style="padding:0;"></td>
</tr>
<tr>
<td colspan="2" style="border-top:4px solid #333333;text-align:center;"><a href="%7Bshop_url%7D" title="{shop_name}">{shop_name}</a></td>
</tr>
</tbody>
</table>]]></replyemailtemplate>                                                                                                                                                                                                                                                            <replyemailtemplate lang="it"><![CDATA[<table style="width:100%;">
<tbody>
<tr>
<td colspan="2" align="center" class="logo" style="border-bottom:4px solid #333333;padding:7px 0;"><a title="{shop_name}" href="%7Bshop_url%7D" style="color:#337ff1;"><img src="%7Bshop_logo%7D" alt="{shop_name}" /></a></td>
</tr>
<tr>
<td colspan="2" class="space_footer" style="padding:0;"></td>
</tr>
<tr>
<td colspan="2">{reply_message}</td>
</tr>
<tr>
<td colspan="2" class="space_footer" style="padding:0;"></td>
</tr>
<tr>
<td colspan="2" style="border-top:4px solid #333333;text-align:center;"><a href="%7Bshop_url%7D" title="{shop_name}">{shop_name}</a></td>
</tr>
</tbody>
</table>]]></replyemailtemplate>                                                                                                                                                                                                                                                                                                                                                                                            <redirect_link_lang lang="en"></redirect_link_lang>                                                                                                                                                                                                                                                            <redirect_link_lang lang="it"></redirect_link_lang>                                                                                                                                                                                                                                                                                                <customcss></customcss>
                                                                                                                                                                                                <datafields>
                                                                                            <field id="22">
                                                                                                                                                                <required>0</required>
                                                                                                                                                                                                            <labelpos>1</labelpos>
                                                                                                                                                                                                            <name>html_28117</name>
                                                                                                                                                                                                            <type>html</type>
                                                                                                                                                                                                            <idatt>html_28117</idatt>
                                                                                                                                                                                                            <classatt>html_28117</classatt>
                                                                                                                                                                                                            <validate></validate>
                                                                                                                                                                                                            <extra></extra>
                                                                                                                                                                                                            <multi>0</multi>
                                                                                                                                                                                                            <dynamicval></dynamicval>
                                                                                                                                                                                                                                                                                                        <label  lang="en"><![CDATA[Html Block]]></label>
                                                                                                                                                                                                                                                            <label  lang="it"><![CDATA[Html Block]]></label>
                                                                                                                                                                                                                                                                                                                                                                                            <value  lang="en"></value>
                                                                                                                                                                                                                                                            <value  lang="it"></value>
                                                                                                                                                                                                                                                                                                                                                                                            <placeholder lang="en"></placeholder>                                                                                                                                                                                                                                                            <placeholder lang="it"></placeholder>                                                                                                                                                                                                                                                                                                                                                                                            <description lang="en"><![CDATA[<h1 style="text-align:center;">Flowers Order Form</h1>]]></description>                                                                                                                                                                                                                                                            <description lang="it"></description>                                                                                                                                                                                                                                                                                                <extra_option>0</extra_option>
                                                                                                                                                                                                            <condition>0</condition>
                                                                                                                                                                                                            <condition_display>0</condition_display>
                                                                                                                                                                                                            <condition_must_match>0</condition_must_match>
                                                                                                                                                                                                            <condition_listoptions>[]</condition_listoptions>
                                                                                                                                                                            </field>
                                                                                            <field id="23">
                                                                                                                                                                <required>1</required>
                                                                                                                                                                                                            <labelpos>0</labelpos>
                                                                                                                                                                                                            <name>input_78499</name>
                                                                                                                                                                                                            <type>input</type>
                                                                                                                                                                                                            <idatt>input_78499</idatt>
                                                                                                                                                                                                            <classatt>input_78499</classatt>
                                                                                                                                                                                                            <validate>isGenericName</validate>
                                                                                                                                                                                                            <extra>0</extra>
                                                                                                                                                                                                            <multi>0</multi>
                                                                                                                                                                                                            <dynamicval></dynamicval>
                                                                                                                                                                                                                                                                                                        <label  lang="en"><![CDATA[Full Name]]></label>
                                                                                                                                                                                                                                                            <label  lang="it"><![CDATA[Text]]></label>
                                                                                                                                                                                                                                                                                                                                                                                            <value  lang="en"></value>
                                                                                                                                                                                                                                                            <value  lang="it"></value>
                                                                                                                                                                                                                                                                                                                                                                                            <placeholder lang="en"></placeholder>                                                                                                                                                                                                                                                            <placeholder lang="it"></placeholder>                                                                                                                                                                                                                                                                                                                                                                                            <description lang="en"></description>                                                                                                                                                                                                                                                            <description lang="it"></description>                                                                                                                                                                                                                                                                                                <extra_option>0</extra_option>
                                                                                                                                                                                                            <condition>0</condition>
                                                                                                                                                                                                            <condition_display>0</condition_display>
                                                                                                                                                                                                            <condition_must_match>0</condition_must_match>
                                                                                                                                                                                                            <condition_listoptions>[]</condition_listoptions>
                                                                                                                                                                            </field>
                                                                                            <field id="24">
                                                                                                                                                                <required>1</required>
                                                                                                                                                                                                            <labelpos>0</labelpos>
                                                                                                                                                                                                            <name>input_7637</name>
                                                                                                                                                                                                            <type>input</type>
                                                                                                                                                                                                            <idatt>input_7637</idatt>
                                                                                                                                                                                                            <classatt>input_7637</classatt>
                                                                                                                                                                                                            <validate>isEmail</validate>
                                                                                                                                                                                                            <extra>0</extra>
                                                                                                                                                                                                            <multi>0</multi>
                                                                                                                                                                                                            <dynamicval></dynamicval>
                                                                                                                                                                                                                                                                                                        <label  lang="en"><![CDATA[Email]]></label>
                                                                                                                                                                                                                                                            <label  lang="it"><![CDATA[Text]]></label>
                                                                                                                                                                                                                                                                                                                                                                                            <value  lang="en"></value>
                                                                                                                                                                                                                                                            <value  lang="it"></value>
                                                                                                                                                                                                                                                                                                                                                                                            <placeholder lang="en"></placeholder>                                                                                                                                                                                                                                                            <placeholder lang="it"></placeholder>                                                                                                                                                                                                                                                                                                                                                                                            <description lang="en"></description>                                                                                                                                                                                                                                                            <description lang="it"></description>                                                                                                                                                                                                                                                                                                <extra_option>0</extra_option>
                                                                                                                                                                                                            <condition>0</condition>
                                                                                                                                                                                                            <condition_display>0</condition_display>
                                                                                                                                                                                                            <condition_must_match>0</condition_must_match>
                                                                                                                                                                                                            <condition_listoptions>{&quot;1&quot;:{&quot;id_field&quot;:&quot;0&quot;,&quot;condition&quot;:&quot;IS_EQUAL&quot;,&quot;conditionvalue&quot;:&quot;&quot;}}</condition_listoptions>
                                                                                                                                                                            </field>
                                                                                            <field id="25">
                                                                                                                                                                <required>0</required>
                                                                                                                                                                                                            <labelpos>0</labelpos>
                                                                                                                                                                                                            <name>input_5771</name>
                                                                                                                                                                                                            <type>input</type>
                                                                                                                                                                                                            <idatt>input_5771</idatt>
                                                                                                                                                                                                            <classatt>input_5771</classatt>
                                                                                                                                                                                                            <validate>isPhoneNumber</validate>
                                                                                                                                                                                                            <extra>0</extra>
                                                                                                                                                                                                            <multi>0</multi>
                                                                                                                                                                                                            <dynamicval></dynamicval>
                                                                                                                                                                                                                                                                                                        <label  lang="en"><![CDATA[Phone Number]]></label>
                                                                                                                                                                                                                                                            <label  lang="it"><![CDATA[Text]]></label>
                                                                                                                                                                                                                                                                                                                                                                                            <value  lang="en"></value>
                                                                                                                                                                                                                                                            <value  lang="it"></value>
                                                                                                                                                                                                                                                                                                                                                                                            <placeholder lang="en"></placeholder>                                                                                                                                                                                                                                                            <placeholder lang="it"></placeholder>                                                                                                                                                                                                                                                                                                                                                                                            <description lang="en"></description>                                                                                                                                                                                                                                                            <description lang="it"></description>                                                                                                                                                                                                                                                                                                <extra_option>0</extra_option>
                                                                                                                                                                                                            <condition>0</condition>
                                                                                                                                                                                                            <condition_display>0</condition_display>
                                                                                                                                                                                                            <condition_must_match>0</condition_must_match>
                                                                                                                                                                                                            <condition_listoptions>{&quot;1&quot;:{&quot;id_field&quot;:&quot;0&quot;,&quot;condition&quot;:&quot;IS_EQUAL&quot;,&quot;conditionvalue&quot;:&quot;&quot;}}</condition_listoptions>
                                                                                                                                                                            </field>
                                                                                            <field id="26">
                                                                                                                                                                <required>0</required>
                                                                                                                                                                                                            <labelpos>0</labelpos>
                                                                                                                                                                                                            <name>time_61491</name>
                                                                                                                                                                                                            <type>time</type>
                                                                                                                                                                                                            <idatt>time_61491</idatt>
                                                                                                                                                                                                            <classatt>time_61491</classatt>
                                                                                                                                                                                                            <validate></validate>
                                                                                                                                                                                                            <extra>0</extra>
                                                                                                                                                                                                            <multi>0</multi>
                                                                                                                                                                                                            <dynamicval></dynamicval>
                                                                                                                                                                                                                                                                                                        <label  lang="en"><![CDATA[Best time to call]]></label>
                                                                                                                                                                                                                                                            <label  lang="it"><![CDATA[Time]]></label>
                                                                                                                                                                                                                                                                                                                                                                                            <value  lang="en"></value>
                                                                                                                                                                                                                                                            <value  lang="it"></value>
                                                                                                                                                                                                                                                                                                                                                                                            <placeholder lang="en"></placeholder>                                                                                                                                                                                                                                                            <placeholder lang="it"></placeholder>                                                                                                                                                                                                                                                                                                                                                                                            <description lang="en"></description>                                                                                                                                                                                                                                                            <description lang="it"></description>                                                                                                                                                                                                                                                                                                <extra_option>0</extra_option>
                                                                                                                                                                                                            <condition>0</condition>
                                                                                                                                                                                                            <condition_display>0</condition_display>
                                                                                                                                                                                                            <condition_must_match>0</condition_must_match>
                                                                                                                                                                                                            <condition_listoptions>{&quot;1&quot;:{&quot;id_field&quot;:&quot;0&quot;,&quot;condition&quot;:&quot;IS_EQUAL&quot;,&quot;conditionvalue&quot;:&quot;&quot;}}</condition_listoptions>
                                                                                                                                                                            </field>
                                                                                            <field id="27">
                                                                                                                                                                <required>1</required>
                                                                                                                                                                                                            <labelpos>0</labelpos>
                                                                                                                                                                                                            <name>textarea_48963</name>
                                                                                                                                                                                                            <type>textarea</type>
                                                                                                                                                                                                            <idatt>textarea_48963</idatt>
                                                                                                                                                                                                            <classatt>textarea_48963</classatt>
                                                                                                                                                                                                            <validate></validate>
                                                                                                                                                                                                            <extra></extra>
                                                                                                                                                                                                            <multi>0</multi>
                                                                                                                                                                                                            <dynamicval></dynamicval>
                                                                                                                                                                                                                                                                                                        <label  lang="en"><![CDATA[ Gifts you wish to order]]></label>
                                                                                                                                                                                                                                                            <label  lang="it"><![CDATA[Textarea]]></label>
                                                                                                                                                                                                                                                                                                                                                                                            <value  lang="en"></value>
                                                                                                                                                                                                                                                            <value  lang="it"></value>
                                                                                                                                                                                                                                                                                                                                                                                            <placeholder lang="en"></placeholder>                                                                                                                                                                                                                                                            <placeholder lang="it"></placeholder>                                                                                                                                                                                                                                                                                                                                                                                            <description lang="en"></description>                                                                                                                                                                                                                                                            <description lang="it"></description>                                                                                                                                                                                                                                                                                                <extra_option>0</extra_option>
                                                                                                                                                                                                            <condition>0</condition>
                                                                                                                                                                                                            <condition_display>0</condition_display>
                                                                                                                                                                                                            <condition_must_match>0</condition_must_match>
                                                                                                                                                                                                            <condition_listoptions>{&quot;1&quot;:{&quot;id_field&quot;:&quot;0&quot;,&quot;condition&quot;:&quot;IS_EQUAL&quot;,&quot;conditionvalue&quot;:&quot;&quot;}}</condition_listoptions>
                                                                                                                                                                            </field>
                                                                                            <field id="28">
                                                                                                                                                                <required>0</required>
                                                                                                                                                                                                            <labelpos>0</labelpos>
                                                                                                                                                                                                            <name>radio_77394</name>
                                                                                                                                                                                                            <type>radio</type>
                                                                                                                                                                                                            <idatt>radio_77394</idatt>
                                                                                                                                                                                                            <classatt>radio_77394</classatt>
                                                                                                                                                                                                            <validate></validate>
                                                                                                                                                                                                            <extra>12</extra>
                                                                                                                                                                                                            <multi>0</multi>
                                                                                                                                                                                                            <dynamicval></dynamicval>
                                                                                                                                                                                                                                                                                                        <label  lang="en"><![CDATA[Delivery or Pickup?]]></label>
                                                                                                                                                                                                                                                            <label  lang="it"><![CDATA[Radio]]></label>
                                                                                                                                                                                                                                                                                                                                                                                            <value  lang="en"><![CDATA[Delivery
Pickup]]></value>
                                                                                                                                                                                                                                                            <value  lang="it"></value>
                                                                                                                                                                                                                                                                                                                                                                                            <placeholder lang="en"></placeholder>                                                                                                                                                                                                                                                            <placeholder lang="it"></placeholder>                                                                                                                                                                                                                                                                                                                                                                                            <description lang="en"></description>                                                                                                                                                                                                                                                            <description lang="it"></description>                                                                                                                                                                                                                                                                                                <extra_option>0</extra_option>
                                                                                                                                                                                                            <condition>0</condition>
                                                                                                                                                                                                            <condition_display>0</condition_display>
                                                                                                                                                                                                            <condition_must_match>0</condition_must_match>
                                                                                                                                                                                                            <condition_listoptions>{&quot;1&quot;:{&quot;id_field&quot;:&quot;0&quot;,&quot;condition&quot;:&quot;IS_EQUAL&quot;,&quot;conditionvalue&quot;:&quot;&quot;}}</condition_listoptions>
                                                                                                                                                                            </field>
                                                                                    </datafields>                                                                                     
                        </gform>
                                                                         
            </gforms>